site_code,site_name,time,cast_depth_m,n_samples,near_bottom_o2_ml_l,method,lat,lon
CF001,CF001 (BI-1),2019-01-25 19:58:00.970000+00:00,71.39,577,2.2593400729864417,deepest_5m,49.4593,-122.8768
CF001,CF001 (BI-1),2019-02-19 21:21:49.950000+00:00,73.19,583,4.400724667182346,deepest_5m,49.4593,-122.8768
CF001,CF001 (BI-1),2019-03-29 21:27:44.450000+00:00,52.96,396,5.834654627758078,deepest_5m,49.4593,-122.8768
CF001,CF001 (BI-1),2019-04-25 18:09:32.190000+00:00,73.34,536,6.087675990956059,deepest_5m,49.4593,-122.8768
CF001,CF001 (BI-1),2019-05-28 22:15:00.140000+00:00,64.27,460,6.230940652122919,deepest_5m,49.4593,-122.8768
CF001,CF001 (BI-1),2019-06-25 21:45:28.410000+00:00,68.51,494,5.5559337214509625,deepest_5m,49.4593,-122.8768
CF001,CF001 (BI-1),2019-07-18 20:31:57.800000+00:00,67.14,509,6.160748418948587,deepest_5m,49.4593,-122.8768
CF001,CF001 (BI-1),2019-08-09 17:25:36.350000+00:00,71.0,568,4.712830273175101,deepest_5m,49.4593,-122.8768
CF001,CF001 (BI-1),2019-08-21 17:55:17.600000+00:00,74.28,671,4.370674868397707,deepest_5m,49.4593,-122.8768
CF001,CF001 (BI-1),2019-09-17 17:05:45.980000+00:00,74.28,711,3.884818629646216,deepest_5m,49.4593,-122.8768
CF001,CF001 (BI-1),2019-10-03 17:48:54.390000+00:00,74.6,701,3.659976387249115,deepest_5m,49.4593,-122.8768
CF001,CF001 (BI-1),2019-10-17 17:31:30.240000+00:00,71.18,665,3.4242051052395883,deepest_5m,49.4593,-122.8768
CF001,CF001 (BI-1),2019-10-31 17:31:03.150000+00:00,71.48,678,3.211126927259932,deepest_5m,49.4593,-122.8768
CF001,CF001 (BI-1),2019-11-14 20:00:35.330000+00:00,70.55,564,3.5553900790468567,deepest_5m,49.4593,-122.8768
CF001,CF001 (BI-1),2019-12-12 21:54:37.790000+00:00,76.87,722,2.915408142847615,deepest_5m,49.4593,-122.8768
CF001,CF001 (BI-1),2020-01-08 20:21:39.810000+00:00,74.36,653,2.823063143752799,deepest_5m,49.4593,-122.8768
CF001,CF001 (BI-1),2020-01-20 18:51:28.550000+00:00,70.48,594,2.8590345445280048,deepest_5m,49.4593,-122.8768
CF001,CF001 (BI-1),2020-02-13 20:09:51.780000+00:00,71.72,645,2.868166316442178,deepest_5m,49.4593,-122.8768
CF001,CF001 (BI-1),2020-03-20 17:34:47.260000+00:00,74.49,623,2.6674876847290636,deepest_5m,49.4593,-122.8768
CF001,CF001 (BI-1),2020-10-08 20:40:12.750000+00:00,73.22,486,3.305430201981927,deepest_5m,49.4593,-122.8768
CF001,CF001 (BI-1),2020-10-29 20:46:14.030000+00:00,62.2,417,3.217825976446666,deepest_5m,49.4593,-122.8768
CF001,CF001 (BI-1),2020-11-12 22:10:26.880000+00:00,75.24,546,2.634883856772912,deepest_5m,49.4593,-122.8768
CF001,CF001 (BI-1),2020-12-08 18:26:07.310000+00:00,75.42,566,2.63596556700005,deepest_5m,49.4593,-122.8768
CF001,CF001 (BI-1),2021-01-05 18:52:14.030000+00:00,73.07,624,2.364714806657101,deepest_5m,49.4593,-122.8768
CF001,CF001 (BI-1),2021-01-25 21:57:19.110000+00:00,74.01,579,2.5963339168668322,deepest_5m,49.4593,-122.8768
CF001,CF001 (BI-1),2021-02-23 18:06:41.080000+00:00,72.62,646,2.023996118823705,deepest_5m,49.4593,-122.8768
CF001,CF001 (BI-1),2021-03-09 18:30:45.230000+00:00,56.49,511,2.158486341244962,deepest_5m,49.4593,-122.8768
CF001,CF001 (BI-1),2021-04-28 22:13:10.680000+00:00,71.32,521,2.2242295322232626,deepest_5m,49.4593,-122.8768
CF001,CF001 (BI-1),2021-08-05 17:47:12.600000+00:00,68.84,757,3.3376380369163052,deepest_5m,49.4593,-122.8768
CF001,CF001 (BI-1),2021-08-16 17:46:03.970000+00:00,70.53,638,3.1792833061538337,deepest_5m,49.4593,-122.8768
CF001,CF001 (BI-1),2021-09-02 18:41:42.160000+00:00,55.05,424,3.618823705030601,deepest_5m,49.4593,-122.8768
CF001,CF001 (BI-1),2021-09-15 22:38:41.140000+00:00,71.03,577,2.917937625159485,deepest_5m,49.4593,-122.8768
CF001,CF001 (BI-1),2021-09-27 17:19:00.190000+00:00,71.47,577,2.8233272708994037,deepest_5m,49.4593,-122.8768
CF001,CF001 (BI-1),2021-10-19 21:17:13.570000+00:00,67.06,480,2.775386934344042,deepest_5m,49.4593,-122.8768
CF001,CF001 (BI-1),2021-11-25 18:22:24.970000+00:00,71.81,593,2.4077474249888042,deepest_5m,49.4593,-122.8768
CF001,CF001 (BI-1),2022-02-22 23:40:11.360000+00:00,61.81,470,2.674314458596736,deepest_5m,49.4593,-122.8768
CF001,CF001 (BI-1),2022-03-11 23:43:25.090000+00:00,69.56,459,2.690988478606034,deepest_5m,49.4593,-122.8768
CF001,CF001 (BI-1),2022-03-28 17:19:40.130000+00:00,60.64,538,2.598133745213267,deepest_5m,49.4593,-122.8768
CF001,CF001 (BI-1),2022-04-11 16:50:08.430000+00:00,70.24,639,2.4982467109988264,deepest_5m,49.4593,-122.8768
CF001,CF001 (BI-1),2022-05-11 21:33:09.210000+00:00,76.46,589,3.2949196397472273,deepest_5m,49.4593,-122.8768
CF001,CF001 (BI-1),2022-06-02 22:21:12.630000+00:00,65.67,494,4.0207775308621105,deepest_5m,49.4593,-122.8768
CF001,CF001 (BI-1),2022-06-17 21:50:50.390000+00:00,60.6,429,5.459823427803723,deepest_5m,49.4593,-122.8768
CF001,CF001 (BI-1),2022-06-30 21:01:00.980000+00:00,64.46,465,4.715522572665431,deepest_5m,49.4593,-122.8768
CF001,CF001 (BI-1),2022-07-12 22:06:18.290000+00:00,68.25,631,2.5384971125336238,deepest_5m,49.4593,-122.8768
CF001,CF001 (BI-1),2022-07-21 16:41:54.430000+00:00,53.35,426,5.223497432799757,deepest_5m,49.4593,-122.8768
CF001,CF001 (BI-1),2022-09-20 21:54:52.190000+00:00,59.34,433,3.4044116802737503,deepest_5m,49.4593,-122.8768
CF001,CF001 (BI-1),2022-10-21 22:31:56.410000+00:00,70.16,517,1.5909776360163417,deepest_5m,49.4593,-122.8768
CF001,CF001 (BI-1),2022-10-31 21:15:55.080000+00:00,70.47,558,1.565432044826494,deepest_5m,49.4593,-122.8768
CF001,CF001 (BI-1),2022-11-17 22:34:26.390000+00:00,75.14,724,3.0900134348410218,deepest_5m,49.4593,-122.8768
CF001,CF001 (BI-1),2023-01-16 18:29:28.910000+00:00,73.27,714,3.6619538097370605,deepest_5m,49.4593,-122.8768
CF001,CF001 (BI-1),2023-03-29 17:36:05.240000+00:00,73.24,668,5.562606359158085,deepest_5m,49.4593,-122.8768
CF001,CF001 (BI-1),2023-04-13 22:11:46.590000+00:00,73.07,591,5.324177737970842,deepest_5m,49.4593,-122.8768
CF001,CF001 (BI-1),2023-08-09 17:20:43.750000+00:00,53.17,435,4.902579048989451,deepest_5m,49.4593,-122.8768
CF001,CF001 (BI-1),2023-08-24 21:27:51.600000+00:00,61.0,496,3.9352888490819526,deepest_5m,49.4593,-122.8768
CF001,CF001 (BI-1),2023-12-06 23:10:12.660000+00:00,72.14,610,2.079601433049709,deepest_5m,49.4593,-122.8768
CF001,CF001 (BI-1),2024-02-02 18:58:20.960000+00:00,73.85,657,2.390350676768693,deepest_5m,49.4593,-122.8768
CF001,CF001 (BI-1),2024-02-23 23:08:26.360000+00:00,70.81,612,3.0187639946260636,deepest_5m,49.4593,-122.8768
CF001,CF001 (BI-1),2024-03-06 19:01:35.230000+00:00,66.11,535,3.0946708463949837,deepest_5m,49.4593,-122.8768
CF001,CF001 (BI-1),2024-04-08 22:11:53.270000+00:00,53.92,467,4.12996121353807,deepest_5m,49.4593,-122.8768
CF001,CF001 (BI-1),2024-04-30 21:01:02.060000+00:00,71.44,732,2.5281648709640594,deepest_5m,49.4593,-122.8768
CF001,CF001 (BI-1),2024-05-21 18:26:28.690000+00:00,54.82,460,4.058198173640454,deepest_5m,49.4593,-122.8768
CF001,CF001 (BI-1),2024-06-06 22:23:08.330000+00:00,52.71,441,4.314421210972938,deepest_5m,49.4593,-122.8768
CF001,CF001 (BI-1),2024-07-18 17:10:39.190000+00:00,68.54,583,3.435400806090461,deepest_5m,49.4593,-122.8768
CF001,CF001 (BI-1),2024-08-08 22:43:06.280000+00:00,69.14,667,3.003235329062212,deepest_5m,49.4593,-122.8768
CF001,CF001 (BI-1),2024-10-29 22:28:09.240000+00:00,60.03606,489,2.1502594863848823,deepest_5m,49.4593,-122.8768
CF001,CF001 (BI-1),2024-11-08 22:44:28.520000+00:00,70.775658,582,1.7574096734319995,deepest_5m,49.4593,-122.8768
CF001,CF001 (BI-1),2024-11-21 18:01:26.380000+00:00,72.312622,635,1.3116296087541457,deepest_5m,49.4593,-122.8768
CF001,CF001 (BI-1),2024-12-04 18:36:04.360000+00:00,70.648064,599,1.3003289072165152,deepest_5m,49.4593,-122.8768
CF001,CF001 (BI-1),2025-01-27 23:42:19.260000+00:00,73.144478,611,1.445671713095131,deepest_5m,49.4593,-122.8768
CF001,CF001 (BI-1),2025-03-10 21:19:05.670000+00:00,71.489105,604,1.0333230697056335,deepest_5m,49.4593,-122.8768
CF001,CF001 (BI-1),2025-04-22 21:30:19.860000+00:00,68.920906,606,1.4070183981241764,deepest_5m,49.4593,-122.8768
CF001,CF001 (BI-1),2025-05-30 21:14:04.850000+00:00,68.117638,564,2.589510476263644,deepest_5m,49.4593,-122.8768
CF001,CF001 (BI-1),2025-06-19 20:57:01.860000+00:00,70.576279,583,1.8889471485859572,deepest_5m,49.4593,-122.8768
CF001,CF001 (BI-1),2025-08-18 23:01:01.720000+00:00,59.94957,504,2.6683455596097048,deepest_5m,49.4593,-122.8768
CF001,CF001 (BI-1),2025-09-12 21:34:05.430000+00:00,28.794323,214,3.0327476560344997,deepest_5m,49.4593,-122.8768
CF001,CF001 (BI-1),2025-10-02 16:53:14.690000+00:00,71.077011,627,2.3457226839767937,deepest_5m,49.4593,-122.8768
CF001,CF001 (BI-1),2025-10-29 17:09:01.800000+00:00,70.635246,598,1.225339391962485,deepest_5m,49.4593,-122.8768
CF001,CF001 (BI-1),2025-11-07 18:03:22.970000+00:00,70.14019,574,1.457195451769451,deepest_5m,49.4593,-122.8768
CF001,CF001 (BI-1),2025-12-09 18:10:44.390000+00:00,75.527794,669,1.3066114782126401,deepest_5m,49.4593,-122.8768
CF001,CF001 (BI-1),2026-01-13 22:37:42.970000+00:00,72.718071,630,1.2923307333177865,deepest_5m,49.4593,-122.8768
CF001,CF001 (BI-1),2026-02-09 22:27:52.220000+00:00,71.151665,610,1.2012391476884259,deepest_5m,49.4593,-122.8768
CF001,CF001 (BI-1),2026-03-17 21:07:10.760000+00:00,70.97039,626,1.7719884602016358,deepest_5m,49.4593,-122.8768
CF001,CF001 (BI-1),2026-03-26 21:38:51.320000+00:00,73.649902,636,1.2384315943716315,deepest_5m,49.4593,-122.8768
CF001,CF001 (BI-1),2026-04-13 19:52:28.190000+00:00,69.288857,588,2.0125312421522783,deepest_5m,49.4593,-122.8768
CF001,CF001 (BI-1),2026-05-04 21:31:58.740000+00:00,68.361794,644,2.426381454648692,deepest_5m,49.4593,-122.8768
CF001,CF001 (BI-1),2026-06-09 22:04:32.790000+00:00,71.950531,611,1.1830779154942508,deepest_5m,49.4593,-122.8768
CF001,CF001 (BI-1),2026-06-25 22:34:14.430000+00:00,70.944481,604,1.2832871868117035,deepest_5m,49.4593,-122.8768
CF005,CF005 (BI-5),2019-01-25 21:17:58.750000+00:00,68.9,449,4.334007092627783,deepest_5m,49.3431,-122.9052
CF005,CF005 (BI-5),2019-01-26 17:44:55.100000+00:00,79.46,609,4.808044619956846,deepest_5m,49.3431,-122.9052
CF005,CF005 (BI-5),2019-02-08 20:38:13.820000+00:00,77.55,618,4.730158730158732,deepest_5m,49.3431,-122.9052
CF005,CF005 (BI-5),2019-04-12 17:15:29.700000+00:00,76.82,593,5.854384643569596,deepest_5m,49.3431,-122.9052
CF005,CF005 (BI-5),2019-04-25 19:31:07.570000+00:00,77.29,483,5.685291719774481,deepest_5m,49.3431,-122.9052
CF005,CF005 (BI-5),2019-05-28 17:49:44.730000+00:00,73.92,569,5.256708090759815,deepest_5m,49.3431,-122.9052
CF005,CF005 (BI-5),2019-06-11 18:55:49.140000+00:00,30.45,209,7.049115842219291,deepest_5m,49.3431,-122.9052
CF005,CF005 (BI-5),2019-06-25 19:02:22.960000+00:00,34.76,245,6.532903257041189,deepest_5m,49.3431,-122.9052
CF005,CF005 (BI-5),2019-08-08 19:55:20.570000+00:00,29.2,242,5.4515599343185555,deepest_5m,49.3431,-122.9052
CF005,CF005 (BI-5),2019-08-21 21:20:44.210000+00:00,16.69,125,6.313609258255356,deepest_5m,49.3431,-122.9052
CF005,CF005 (BI-5),2019-10-04 16:59:31.720000+00:00,47.68,495,4.08415095875911,deepest_5m,49.3431,-122.9052
CF005,CF005 (BI-5),2019-10-16 20:04:17.760000+00:00,39.77,289,4.465909090909092,deepest_5m,49.3431,-122.9052
CF005,CF005 (BI-5),2019-10-31 22:25:04.470000+00:00,59.63,439,4.223362844052498,deepest_5m,49.3431,-122.9052
CF005,CF005 (BI-5),2019-11-14 18:32:52.880000+00:00,70.14,560,4.378689492325857,deepest_5m,49.3431,-122.9052
CF005,CF005 (BI-5),2019-12-12 20:21:45.180000+00:00,55.88,574,4.403805924826236,deepest_5m,49.3431,-122.9052
CF005,CF005 (BI-5),2020-01-07 20:45:12.770000+00:00,47.79,384,4.404761904761905,deepest_5m,49.3431,-122.9052
CF005,CF005 (BI-5),2020-01-20 23:14:07.680000+00:00,36.48,297,5.281167108753316,deepest_5m,49.3431,-122.9052
CF005,CF005 (BI-5),2020-02-12 21:29:05.780000+00:00,41.08,302,5.523428477148985,deepest_5m,49.3431,-122.9052
CF005,CF005 (BI-5),2020-03-19 21:45:15.720000+00:00,82.82,707,6.651228384440727,deepest_5m,49.3431,-122.9052
CF005,CF005 (BI-5),2020-07-30 20:12:18.710000+00:00,16.36,119,6.989562161975957,deepest_5m,49.3431,-122.9052
CF005,CF005 (BI-5),2020-10-08 19:11:57.380000+00:00,13.25,76,5.4646215853112405,deepest_5m,49.3431,-122.9052
CF005,CF005 (BI-5),2020-10-29 18:33:05.610000+00:00,57.46,555,4.034722294545872,deepest_5m,49.3431,-122.9052
CF005,CF005 (BI-5),2020-11-24 20:55:35.830000+00:00,20.44,164,4.991407950509796,deepest_5m,49.3431,-122.9052
CF005,CF005 (BI-5),2021-01-07 20:07:31.210000+00:00,75.7,638,4.210850957760522,deepest_5m,49.3431,-122.9052
CF005,CF005 (BI-5),2021-01-25 18:38:45.300000+00:00,66.34,553,5.352836818354059,deepest_5m,49.3431,-122.9052
CF005,CF005 (BI-5),2021-04-28 19:42:07.480000+00:00,67.38,523,4.337357433468952,deepest_5m,49.3431,-122.9052
CF005,CF005 (BI-5),2021-08-05 21:24:54.730000+00:00,50.56,395,4.706203980462201,deepest_5m,49.3431,-122.9052
CF005,CF005 (BI-5),2021-08-16 20:50:37.930000+00:00,74.61,597,3.373203598908927,deepest_5m,49.3431,-122.9052
CF005,CF005 (BI-5),2021-09-02 20:16:54+00:00,36.9,263,4.413345275414243,deepest_5m,49.3431,-122.9052
CF005,CF005 (BI-5),2021-09-15 18:44:38.870000+00:00,69.68,614,3.970697997067165,deepest_5m,49.3431,-122.9052
CF005,CF005 (BI-5),2021-09-27 19:46:57.900000+00:00,11.63,81,6.363698561974426,deepest_5m,49.3431,-122.9052
CF005,CF005 (BI-5),2021-10-19 20:07:12.410000+00:00,22.92,179,4.2256740853372765,deepest_5m,49.3431,-122.9052
CF005,CF005 (BI-5),2021-11-25 20:31:03.590000+00:00,31.68,232,4.534641136827848,deepest_5m,49.3431,-122.9052
CF005,CF005 (BI-5),2022-02-22 22:08:51.280000+00:00,53.38,449,6.457636346074481,deepest_5m,49.3431,-122.9052
CF005,CF005 (BI-5),2022-03-11 22:14:45.670000+00:00,40.94,340,5.8441558441558445,deepest_5m,49.3431,-122.9052
CF005,CF005 (BI-5),2022-03-28 19:07:44.510000+00:00,74.74,560,4.740463298457029,deepest_5m,49.3431,-122.9052
CF005,CF005 (BI-5),2022-04-11 18:19:37.500000+00:00,10.53,85,9.3217644424541,deepest_5m,49.3431,-122.9052
CF005,CF005 (BI-5),2022-05-11 20:07:42.030000+00:00,42.49,343,5.8799311973293165,deepest_5m,49.3431,-122.9052
CF005,CF005 (BI-5),2022-06-02 21:04:31.050000+00:00,48.54,439,5.212788289296911,deepest_5m,49.3431,-122.9052
CF005,CF005 (BI-5),2022-06-17 20:32:30.370000+00:00,61.14,465,4.391569637259293,deepest_5m,49.3431,-122.9052
CF005,CF005 (BI-5),2022-06-30 19:44:17.770000+00:00,60.87,524,4.229052653950375,deepest_5m,49.3431,-122.9052
CF005,CF005 (BI-5),2022-07-12 21:01:54.780000+00:00,41.41,338,5.1659822202742225,deepest_5m,49.3431,-122.9052
CF005,CF005 (BI-5),2022-07-21 18:11:26.590000+00:00,26.41,183,6.244598830805727,deepest_5m,49.3431,-122.9052
CF005,CF005 (BI-5),2022-09-20 20:37:01.110000+00:00,76.79,590,4.4478572402110625,deepest_5m,49.3431,-122.9052
CF005,CF005 (BI-5),2022-10-21 21:19:12.190000+00:00,90.97,776,4.224884311091208,deepest_5m,49.3431,-122.9052
CF005,CF005 (BI-5),2022-10-31 20:03:48.160000+00:00,71.4,819,3.8022617332962176,deepest_5m,49.3431,-122.9052
CF005,CF005 (BI-5),2022-11-17 21:11:19.880000+00:00,54.68,498,2.100313479623825,deepest_5m,49.3431,-122.9052
CF005,CF005 (BI-5),2023-01-16 19:40:38.930000+00:00,56.84,459,4.844021495745634,deepest_5m,49.3431,-122.9052
CF005,CF005 (BI-5),2023-03-29 19:03:38.790000+00:00,9.76,86,9.059948672017638,deepest_5m,49.3431,-122.9052
CF005,CF005 (BI-5),2023-04-13 20:26:02.820000+00:00,42.49,381,5.709320664343154,deepest_5m,49.3431,-122.9052
CF005,CF005 (BI-5),2023-08-09 18:44:17.160000+00:00,46.63,374,4.944896159874608,deepest_5m,49.3431,-122.9052
CF005,CF005 (BI-5),2023-08-24 20:33:57.040000+00:00,49.81,401,4.958998855550581,deepest_5m,49.3431,-122.9052
CF005,CF005 (BI-5),2023-09-11 21:05:10.290000+00:00,70.58,588,4.305671839404973,deepest_5m,49.3431,-122.9052
CF005,CF005 (BI-5),2023-12-06 22:08:26.570000+00:00,83.63,719,4.777034771190237,deepest_5m,49.3431,-122.9052
CF005,CF005 (BI-5),2024-01-15 21:41:04.560000+00:00,65.19,559,4.603622431208638,deepest_5m,49.3431,-122.9052
CF005,CF005 (BI-5),2024-02-02 19:56:59.380000+00:00,77.84,697,4.358320479010134,deepest_5m,49.3431,-122.9052
CF005,CF005 (BI-5),2024-02-23 22:11:59.710000+00:00,44.74,377,5.850982491016133,deepest_5m,49.3431,-122.9052
CF005,CF005 (BI-5),2024-03-06 20:09:58.500000+00:00,32.15,277,6.233666716425337,deepest_5m,49.3431,-122.9052
CF005,CF005 (BI-5),2024-04-08 20:55:39.230000+00:00,74.85,646,4.40941760331246,deepest_5m,49.3431,-122.9052
CF005,CF005 (BI-5),2024-04-30 20:18:21.080000+00:00,59.2,495,6.105062322734738,deepest_5m,49.3431,-122.9052
CF005,CF005 (BI-5),2024-05-21 19:31:25.490000+00:00,72.28,570,4.28100276160621,deepest_5m,49.3431,-122.9052
CF005,CF005 (BI-5),2024-06-06 21:25:56.670000+00:00,76.46,675,3.807426224191979,deepest_5m,49.3431,-122.9052
CF005,CF005 (BI-5),2024-07-18 18:13:25.590000+00:00,71.44,615,3.4193909538737124,deepest_5m,49.3431,-122.9052
CF005,CF005 (BI-5),2024-08-08 21:32:47.110000+00:00,72.06,638,2.8509083884337434,deepest_5m,49.3431,-122.9052
CF005,CF005 (BI-5),2024-10-29 21:24:29.400000+00:00,43.03223,341,3.1225605405145735,deepest_5m,49.3431,-122.9052
CF005,CF005 (BI-5),2024-11-08 21:41:52.710000+00:00,86.533539,784,1.1793465674200114,deepest_5m,49.3431,-122.9052
CF005,CF005 (BI-5),2024-11-21 19:21:24.910000+00:00,63.642269,632,2.9144999565660497,deepest_5m,49.3431,-122.9052
CF005,CF005 (BI-5),2024-12-04 19:36:20.200000+00:00,67.514954,569,3.8472881300256647,deepest_5m,49.3431,-122.9052
CF005,CF005 (BI-5),2025-01-09 19:33:51.740000+00:00,79.141159,675,2.640904953950469,deepest_5m,49.3431,-122.9052
CF005,CF005 (BI-5),2025-01-27 22:47:19.480000+00:00,55.696209,473,4.912733604114875,deepest_5m,49.3431,-122.9052
CF005,CF005 (BI-5),2025-03-10 20:15:43.170000+00:00,68.402084,582,3.8007513523894416,deepest_5m,49.3431,-122.9052
CF005,CF005 (BI-5),2025-05-30 19:57:55.490000+00:00,75.82209,645,2.4129530336080216,deepest_5m,49.3431,-122.9052
CF005,CF005 (BI-5),2025-06-19 19:44:01.330000+00:00,73.438606,634,2.7390503246173865,deepest_5m,49.3431,-122.9052
CF005,CF005 (BI-5),2025-07-21 21:56:22.210000+00:00,35.852531,282,4.922152039179337,deepest_5m,49.3431,-122.9052
CF005,CF005 (BI-5),2025-08-18 22:02:40.830000+00:00,27.67458,234,4.054512755108745,deepest_5m,49.3431,-122.9052
CF005,CF005 (BI-5),2025-09-12 20:30:04.060000+00:00,83.539505,731,1.2711693398181991,deepest_5m,49.3431,-122.9052
CF005,CF005 (BI-5),2025-10-02 17:55:06.350000+00:00,76.820534,766,3.067489770726794,deepest_5m,49.3431,-122.9052
CF005,CF005 (BI-5),2025-10-29 18:11:01.020000+00:00,29.069092,243,3.460260636374032,deepest_5m,49.3431,-122.9052
CF005,CF005 (BI-5),2025-11-07 19:06:22.100000+00:00,81.460304,694,2.5579417655426444,deepest_5m,49.3431,-122.9052
CF005,CF005 (BI-5),2025-12-09 19:22:09.230000+00:00,80.667221,743,1.961657947298771,deepest_5m,49.3431,-122.9052
CF005,CF005 (BI-5),2026-01-13 21:33:53.700000+00:00,82.391869,1486,2.106059513866976,deepest_5m,49.3431,-122.9052
CF005,CF005 (BI-5),2026-02-09 21:31:30.010000+00:00,71.044693,756,4.068751407239872,deepest_5m,49.3431,-122.9052
CF005,CF005 (BI-5),2026-03-17 20:06:11.310000+00:00,72.706802,665,3.024595856540524,deepest_5m,49.3431,-122.9052
CF005,CF005 (BI-5),2026-03-26 20:40:03.600000+00:00,77.724594,731,2.915552349111458,deepest_5m,49.3431,-122.9052
CF005,CF005 (BI-5),2026-04-13 18:56:51.660000+00:00,86.279892,828,1.6993081339833358,deepest_5m,49.3431,-122.9052
CF005,CF005 (BI-5),2026-05-04 20:35:14.890000+00:00,76.565178,646,1.7025120011295212,deepest_5m,49.3431,-122.9052
CF005,CF005 (BI-5),2026-06-09 21:09:11.250000+00:00,83.212692,742,1.289624168388657,deepest_5m,49.3431,-122.9052
CF005,CF005 (BI-5),2026-06-25 21:35:34.400000+00:00,84.16983,797,1.4510842749649953,deepest_5m,49.3431,-122.9052
CF006,CF006 (BI-6),2019-01-25 21:31:33.360000+00:00,17.67,103,5.690708885435051,deepest_5m,49.31353,-122.9363
CF006,CF006 (BI-6),2019-02-08 19:45:18.250000+00:00,8.36,55,6.428858497824015,deepest_5m,49.31353,-122.9363
CF006,CF006 (BI-6),2019-03-15 17:22:02.450000+00:00,40.43,348,6.779929840274669,deepest_5m,49.31353,-122.9363
CF006,CF006 (BI-6),2019-04-09 19:03:02.870000+00:00,27.74,196,6.382221227048814,deepest_5m,49.31353,-122.9363
CF006,CF006 (BI-6),2019-04-25 19:47:37.070000+00:00,16.9,100,8.467098634124497,deepest_5m,49.31353,-122.9363
CF006,CF006 (BI-6),2019-06-11 18:09:39.140000+00:00,11.47,75,8.71773870412709,deepest_5m,49.31353,-122.9363
CF006,CF006 (BI-6),2019-06-25 18:17:04.080000+00:00,33.61,237,6.471278931329395,deepest_5m,49.31353,-122.9363
CF006,CF006 (BI-6),2019-08-22 18:58:25.350000+00:00,10.83,99,7.587684729064039,deepest_5m,49.31353,-122.9363
CF006,CF006 (BI-6),2019-09-17 18:37:55.010000+00:00,6.34,50,6.003716972682492,deepest_5m,49.31353,-122.9363
CF006,CF006 (BI-6),2019-10-03 21:26:36.510000+00:00,7.32,103,6.388439147059836,deepest_5m,49.31353,-122.9363
CF006,CF006 (BI-6),2019-10-16 19:34:31.520000+00:00,26.66,198,4.949451410658308,deepest_5m,49.31353,-122.9363
CF006,CF006 (BI-6),2019-11-01 22:13:26.270000+00:00,39.92,315,5.090181370353784,deepest_5m,49.31353,-122.9363
CF006,CF006 (BI-6),2019-11-14 18:00:52.390000+00:00,40.24,321,4.654426033736379,deepest_5m,49.31353,-122.9363
CF006,CF006 (BI-6),2019-12-12 19:47:28.010000+00:00,39.69,371,4.423879412123927,deepest_5m,49.31353,-122.9363
CF006,CF006 (BI-6),2020-01-07 20:17:47.520000+00:00,23.65,177,5.560822692866427,deepest_5m,49.31353,-122.9363
CF006,CF006 (BI-6),2020-01-24 20:01:14.130000+00:00,36.98,279,5.774857326581465,deepest_5m,49.31353,-122.9363
CF006,CF006 (BI-6),2020-02-12 21:05:27.540000+00:00,39.15,309,5.052787729511867,deepest_5m,49.31353,-122.9363
CF006,CF006 (BI-6),2020-03-19 20:23:34.800000+00:00,31.14,262,7.121609131880592,deepest_5m,49.31353,-122.9363
CF006,CF006 (BI-6),2020-07-30 16:54:55.780000+00:00,22.4,173,5.973706096858806,deepest_5m,49.31353,-122.9363
CF006,CF006 (BI-6),2020-10-29 18:06:40.180000+00:00,18.1,270,4.561981532424882,deepest_5m,49.31353,-122.9363
CF006,CF006 (BI-6),2020-11-12 18:42:16.650000+00:00,32.11,503,4.2093994810102515,deepest_5m,49.31353,-122.9363
CF006,CF006 (BI-6),2020-11-24 20:17:18.230000+00:00,23.86,199,4.731502214260837,deepest_5m,49.31353,-122.9363
CF006,CF006 (BI-6),2020-12-08 21:18:27+00:00,37.67,263,4.759292431706226,deepest_5m,49.31353,-122.9363
CF006,CF006 (BI-6),2021-01-07 19:43:15.750000+00:00,21.79,174,5.683364254792828,deepest_5m,49.31353,-122.9363
CF006,CF006 (BI-6),2021-01-25 18:02:50.430000+00:00,40.26,331,5.728497399855598,deepest_5m,49.31353,-122.9363
CF006,CF006 (BI-6),2021-03-09 21:42:35.500000+00:00,38.92,309,6.390964051622359,deepest_5m,49.31353,-122.9363
CF006,CF006 (BI-6),2021-04-28 19:06:51.940000+00:00,36.67,284,5.355502556785637,deepest_5m,49.31353,-122.9363
CF006,CF006 (BI-6),2021-08-05 21:58:01.560000+00:00,33.32,263,4.974148108944347,deepest_5m,49.31353,-122.9363
CF006,CF006 (BI-6),2021-08-16 21:28:36.170000+00:00,39.94,314,4.896374675845407,deepest_5m,49.31353,-122.9363
CF006,CF006 (BI-6),2021-09-03 21:17:20.210000+00:00,36.53,262,4.701466636811465,deepest_5m,49.31353,-122.9363
CF006,CF006 (BI-6),2021-09-15 18:06:21.410000+00:00,37.01,336,4.471757627679666,deepest_5m,49.31353,-122.9363
CF006,CF006 (BI-6),2021-09-27 21:04:27.170000+00:00,32.0,246,4.367833449629761,deepest_5m,49.31353,-122.9363
CF006,CF006 (BI-6),2021-10-19 19:54:26.670000+00:00,33.64,264,3.910215686478718,deepest_5m,49.31353,-122.9363
CF006,CF006 (BI-6),2022-02-22 21:52:44.800000+00:00,31.0,254,6.5235581115798915,deepest_5m,49.31353,-122.9363
CF006,CF006 (BI-6),2022-03-11 22:00:52.400000+00:00,36.3,302,6.52513434841021,deepest_5m,49.31353,-122.9363
CF006,CF006 (BI-6),2022-03-25 21:28:15.750000+00:00,12.47,103,8.931977780106907,deepest_5m,49.31353,-122.9363
CF006,CF006 (BI-6),2022-04-11 18:32:28.270000+00:00,6.85,67,9.807953745761628,deepest_5m,49.31353,-122.9363
CF006,CF006 (BI-6),2022-05-11 19:53:39.980000+00:00,32.4,324,5.993980664366059,deepest_5m,49.31353,-122.9363
CF006,CF006 (BI-6),2022-06-02 20:44:59.080000+00:00,32.03,263,5.747766191115945,deepest_5m,49.31353,-122.9363
CF006,CF006 (BI-6),2022-06-17 20:15:08.150000+00:00,23.71,188,6.544017329903459,deepest_5m,49.31353,-122.9363
CF006,CF006 (BI-6),2022-06-30 19:27:42.820000+00:00,24.67,209,5.799529259833991,deepest_5m,49.31353,-122.9363
CF006,CF006 (BI-6),2022-07-12 20:35:43.900000+00:00,24.58,189,6.897564668500628,deepest_5m,49.31353,-122.9363
CF006,CF006 (BI-6),2022-07-21 18:37:01.780000+00:00,30.37,216,5.927386322676482,deepest_5m,49.31353,-122.9363
CF006,CF006 (BI-6),2022-09-20 20:17:40.890000+00:00,27.67,199,5.737983281086731,deepest_5m,49.31353,-122.9363
CF006,CF006 (BI-6),2022-10-31 19:46:24.970000+00:00,16.85,153,4.775559126471906,deepest_5m,49.31353,-122.9363
CF006,CF006 (BI-6),2022-11-17 20:29:50.190000+00:00,28.34,403,4.052611602022872,deepest_5m,49.31353,-122.9363
CF006,CF006 (BI-6),2023-03-29 19:18:33.180000+00:00,30.62,255,6.762625793204847,deepest_5m,49.31353,-122.9363
CF006,CF006 (BI-6),2023-04-13 20:03:49.090000+00:00,33.71,303,6.236338862897924,deepest_5m,49.31353,-122.9363
CF006,CF006 (BI-6),2023-08-09 19:11:11.960000+00:00,13.64,106,6.97050076360421,deepest_5m,49.31353,-122.9363
CF006,CF006 (BI-6),2023-09-11 20:32:30.190000+00:00,29.12,233,5.9539829388441685,deepest_5m,49.31353,-122.9363
CF006,CF006 (BI-6),2023-12-06 21:54:33.350000+00:00,28.3,217,5.05081874647092,deepest_5m,49.31353,-122.9363
CF006,CF006 (BI-6),2024-01-15 20:40:51.130000+00:00,19.69,173,5.879738702077532,deepest_5m,49.31353,-122.9363
CF006,CF006 (BI-6),2024-02-02 20:45:33.640000+00:00,35.6,313,5.258993879683534,deepest_5m,49.31353,-122.9363
CF006,CF006 (BI-6),2024-03-06 20:23:27.400000+00:00,18.62,159,6.877684894926275,deepest_5m,49.31353,-122.9363
CF006,CF006 (BI-6),2024-10-29 21:01:56.210000+00:00,22.267054,173,3.457015448964308,deepest_5m,49.31353,-122.9363
CF006,CF006 (BI-6),2024-11-08 21:28:12.830000+00:00,25.00535,191,3.907977732452452,deepest_5m,49.31353,-122.9363
CF006,CF006 (BI-6),2024-11-21 19:34:18.030000+00:00,29.739822,254,4.13565514203714,deepest_5m,49.31353,-122.9363
CF006,CF006 (BI-6),2024-12-04 19:59:16.120000+00:00,28.711084,257,4.28815188971561,deepest_5m,49.31353,-122.9363
CF006,CF006 (BI-6),2025-01-09 19:57:01.290000+00:00,24.085577,196,4.644738460690665,deepest_5m,49.31353,-122.9363
CF006,CF006 (BI-6),2025-01-27 22:14:54.710000+00:00,34.007107,274,5.1957589128592705,deepest_5m,49.31353,-122.9363
CF006,CF006 (BI-6),2025-06-19 19:13:41.820000+00:00,26.603682,203,5.09856017927562,deepest_5m,49.31353,-122.9363
CF006,CF006 (BI-6),2025-09-12 20:12:28.620000+00:00,20.482002,151,4.24497418803669,deepest_5m,49.31353,-122.9363
CF006,CF006 (BI-6),2025-10-02 18:09:22.500000+00:00,22.927727,183,3.7092800630054117,deepest_5m,49.31353,-122.9363
CF006,CF006 (BI-6),2025-11-07 19:21:22.140000+00:00,8.43426,64,4.331052482996784,deepest_5m,49.31353,-122.9363
CF006,CF006 (BI-6),2025-12-09 19:49:15.750000+00:00,21.457491,171,3.937320458520776,deepest_5m,49.31353,-122.9363
CF006,CF006 (BI-6),2026-01-13 21:10:02.930000+00:00,24.659729,205,4.412054340248747,deepest_5m,49.31353,-122.9363
CF006,CF006 (BI-6),2026-03-26 20:28:19.090000+00:00,27.504406,226,4.498593478056997,deepest_5m,49.31353,-122.9363
CF006,CF006 (BI-6),2026-05-04 20:14:40.550000+00:00,23.72311,203,4.290565818037766,deepest_5m,49.31353,-122.9363
CF006,CF006 (BI-6),2026-06-25 21:06:59.940000+00:00,29.411322,247,4.932249079172754,deepest_5m,49.31353,-122.9363
CF010,CF010 (BI-10),2019-01-25 23:38:38.360000+00:00,28.09,320,6.4349495854198056,deepest_5m,49.30028,-123.1099
CF010,CF010 (BI-10),2019-03-15 20:02:56.080000+00:00,22.85,146,7.9241571236645125,deepest_5m,49.30028,-123.1099
CF010,CF010 (BI-10),2019-04-09 17:24:52.100000+00:00,22.56,153,6.913086913086913,deepest_5m,49.30028,-123.1099
CF010,CF010 (BI-10),2019-04-12 20:56:29.790000+00:00,33.14,255,6.166918569935812,deepest_5m,49.30028,-123.1099
CF010,CF010 (BI-10),2019-04-26 17:34:51.620000+00:00,28.73,200,6.311954587816659,deepest_5m,49.30028,-123.1099
CF010,CF010 (BI-10),2019-05-09 19:07:49.580000+00:00,13.65,99,7.693278508325529,deepest_5m,49.30028,-123.1099
CF010,CF010 (BI-10),2019-05-14 20:30:01.270000+00:00,14.84,107,8.13659847301563,deepest_5m,49.30028,-123.1099
CF010,CF010 (BI-10),2019-05-27 19:18:35.710000+00:00,17.18,118,6.302777682088027,deepest_5m,49.30028,-123.1099
CF010,CF010 (BI-10),2019-06-10 20:46:01.130000+00:00,22.79,156,6.101312480622824,deepest_5m,49.30028,-123.1099
CF010,CF010 (BI-10),2019-06-24 22:15:47.380000+00:00,25.32,166,6.806364133950342,deepest_5m,49.30028,-123.1099
CF010,CF010 (BI-10),2019-07-18 17:37:52.670000+00:00,19.07,125,6.279273464871842,deepest_5m,49.30028,-123.1099
CF010,CF010 (BI-10),2019-08-07 21:24:53.080000+00:00,27.09,188,5.468152537118055,deepest_5m,49.30028,-123.1099
CF010,CF010 (BI-10),2019-10-15 20:57:40.300000+00:00,19.49,150,5.440226742404601,deepest_5m,49.30028,-123.1099
CF010,CF010 (BI-10),2019-11-01 17:23:36.660000+00:00,22.28,223,5.163276656602574,deepest_5m,49.30028,-123.1099
CF010,CF010 (BI-10),2019-11-15 19:05:24.210000+00:00,22.3,184,4.890490423770297,deepest_5m,49.30028,-123.1099
CF010,CF010 (BI-10),2019-12-11 21:37:32.440000+00:00,22.26,225,5.055881150333924,deepest_5m,49.30028,-123.1099
CF010,CF010 (BI-10),2020-01-24 21:21:14.230000+00:00,32.06,236,6.234570027673477,deepest_5m,49.30028,-123.1099
CF010,CF010 (BI-10),2020-02-12 18:36:57.370000+00:00,13.06,102,6.4856695029108815,deepest_5m,49.30028,-123.1099
CF010,CF010 (BI-10),2020-03-18 21:25:00.610000+00:00,18.79,117,7.731479596683359,deepest_5m,49.30028,-123.1099
CF010,CF010 (BI-10),2020-07-28 19:00:02.920000+00:00,18.94,127,6.145202347561695,deepest_5m,49.30028,-123.1099
CF010,CF010 (BI-10),2020-12-09 20:07:25.960000+00:00,28.53,220,5.101229964902782,deepest_5m,49.30028,-123.1099
CF010,CF010 (BI-10),2021-01-06 18:37:02.180000+00:00,21.88,440,6.324789885335195,deepest_5m,49.30028,-123.1099
CF010,CF010 (BI-10),2021-03-10 18:14:45.210000+00:00,33.92,266,6.614252127183162,deepest_5m,49.30028,-123.1099
CF010,CF010 (BI-10),2021-03-25 21:18:07+00:00,29.68,910,6.396013377671485,deepest_5m,49.30028,-123.1099
CF010,CF010 (BI-10),2021-04-27 20:30:29.740000+00:00,26.51,411,6.237249340697617,deepest_5m,49.30028,-123.1099
CF010,CF010 (BI-10),2021-05-12 20:54:05.960000+00:00,20.9,179,5.930692026026714,deepest_5m,49.30028,-123.1099
CF010,CF010 (BI-10),2021-08-06 18:29:07.650000+00:00,23.66,185,5.258667338408718,deepest_5m,49.30028,-123.1099
CF010,CF010 (BI-10),2021-08-17 21:40:42.290000+00:00,14.69,132,5.439151365875503,deepest_5m,49.30028,-123.1099
CF010,CF010 (BI-10),2021-09-03 19:19:00.840000+00:00,18.78,246,5.299222241516399,deepest_5m,49.30028,-123.1099
CF010,CF010 (BI-10),2021-09-16 20:59:22.450000+00:00,31.57,260,4.207024502591006,deepest_5m,49.30028,-123.1099
CF010,CF010 (BI-10),2021-09-28 20:13:17.940000+00:00,23.98,195,4.555776435507302,deepest_5m,49.30028,-123.1099
CF010,CF010 (BI-10),2021-10-19 18:13:46.620000+00:00,7.09,53,4.988115332942919,deepest_5m,49.30028,-123.1099
CF010,CF010 (BI-10),2021-11-24 20:29:42.300000+00:00,12.33,98,5.5080049261083746,deepest_5m,49.30028,-123.1099
CF010,CF010 (BI-10),2022-02-22 20:24:27.060000+00:00,26.28,197,6.818946402630171,deepest_5m,49.30028,-123.1099
CF010,CF010 (BI-10),2022-03-11 20:05:31.470000+00:00,18.56,144,7.339484893614808,deepest_5m,49.30028,-123.1099
CF010,CF010 (BI-10),2022-03-25 19:34:51.040000+00:00,21.22,160,6.888888888888889,deepest_5m,49.30028,-123.1099
CF010,CF010 (BI-10),2022-05-11 18:46:31.080000+00:00,15.14,132,6.804896253172115,deepest_5m,49.30028,-123.1099
CF010,CF010 (BI-10),2022-06-02 18:34:18.350000+00:00,18.71,148,6.89655172413793,deepest_5m,49.30028,-123.1099
CF010,CF010 (BI-10),2022-06-17 17:50:17.970000+00:00,21.61,168,6.889386475593374,deepest_5m,49.30028,-123.1099
CF010,CF010 (BI-10),2022-06-30 18:22:20.100000+00:00,20.89,174,6.241145218417944,deepest_5m,49.30028,-123.1099
CF010,CF010 (BI-10),2022-07-12 19:15:47.940000+00:00,9.67,65,7.12163862410168,deepest_5m,49.30028,-123.1099
CF010,CF010 (BI-10),2022-07-21 20:36:06.850000+00:00,16.5,138,6.323113387873692,deepest_5m,49.30028,-123.1099
CF010,CF010 (BI-10),2022-09-20 18:41:23.230000+00:00,26.14,180,5.378286737892651,deepest_5m,49.30028,-123.1099
CF010,CF010 (BI-10),2022-10-21 18:43:50.100000+00:00,20.57,174,5.427903481673209,deepest_5m,49.30028,-123.1099
CF010,CF010 (BI-10),2022-10-31 18:48:45.710000+00:00,29.33,260,5.40502313778176,deepest_5m,49.30028,-123.1099
CF010,CF010 (BI-10),2022-11-17 19:19:44.470000+00:00,36.01,306,4.019116659202866,deepest_5m,49.30028,-123.1099
CF010,CF010 (BI-10),2023-01-17 20:18:29.850000+00:00,16.32,131,6.659669353634871,deepest_5m,49.30028,-123.1099
CF010,CF010 (BI-10),2023-03-29 20:35:25.750000+00:00,20.67,177,7.628750559785043,deepest_5m,49.30028,-123.1099
CF010,CF010 (BI-10),2023-04-13 17:48:23.480000+00:00,17.59,160,7.453043913490161,deepest_5m,49.30028,-123.1099
CF010,CF010 (BI-10),2023-07-26 22:10:47.480000+00:00,18.72,311,6.162989933604626,deepest_5m,49.30028,-123.1099
CF010,CF010 (BI-10),2023-08-09 21:17:39.910000+00:00,18.79,132,5.817797965581216,deepest_5m,49.30028,-123.1099
CF010,CF010 (BI-10),2023-08-24 18:38:19.400000+00:00,18.69,147,6.337422039692856,deepest_5m,49.30028,-123.1099
CF010,CF010 (BI-10),2023-09-11 18:22:02.580000+00:00,10.12,88,6.154979743592413,deepest_5m,49.30028,-123.1099
CF010,CF010 (BI-10),2023-12-06 19:45:23.010000+00:00,27.31,237,5.5714095149164855,deepest_5m,49.30028,-123.1099
CF010,CF010 (BI-10),2024-01-15 19:30:00.680000+00:00,19.84,169,6.481031283986949,deepest_5m,49.30028,-123.1099
CF010,CF010 (BI-10),2024-02-02 22:24:03.900000+00:00,17.03,143,6.455570291777187,deepest_5m,49.30028,-123.1099
CF010,CF010 (BI-10),2024-02-23 19:51:55.250000+00:00,12.16,98,6.788308411521197,deepest_5m,49.30028,-123.1099
CF010,CF010 (BI-10),2024-03-06 21:54:50.360000+00:00,23.25,178,6.872667562322737,deepest_5m,49.30028,-123.1099
CF010,CF010 (BI-10),2024-04-08 18:39:03.160000+00:00,12.41,99,7.804666597770047,deepest_5m,49.30028,-123.1099
CF010,CF010 (BI-10),2024-04-30 18:33:31.570000+00:00,22.89,186,7.013602776533811,deepest_5m,49.30028,-123.1099
CF010,CF010 (BI-10),2024-05-21 21:13:47.630000+00:00,18.22,140,7.148373073520257,deepest_5m,49.30028,-123.1099
CF010,CF010 (BI-10),2024-06-06 18:16:40.550000+00:00,29.28,427,5.6854805042999095,deepest_5m,49.30028,-123.1099
CF010,CF010 (BI-10),2024-07-18 20:20:48.700000+00:00,15.51,141,6.989114889559828,deepest_5m,49.30028,-123.1099
CF010,CF010 (BI-10),2024-08-08 19:05:42.860000+00:00,16.75,141,5.814128400335297,deepest_5m,49.30028,-123.1099
CF010,CF010 (BI-10),2024-10-29 18:25:05.560000+00:00,10.276277,86,4.608246575836041,deepest_5m,49.30028,-123.1099
CF010,CF010 (BI-10),2024-11-08 19:08:21.900000+00:00,20.101313,165,4.131726416440224,deepest_5m,49.30028,-123.1099
CF010,CF010 (BI-10),2024-11-21 21:19:34.800000+00:00,9.674933,75,4.4395373552470785,deepest_5m,49.30028,-123.1099
CF010,CF010 (BI-10),2025-01-09 22:17:43.940000+00:00,20.256817,157,4.949124960320734,deepest_5m,49.30028,-123.1099
CF010,CF010 (BI-10),2025-01-27 19:59:00.570000+00:00,13.175245,96,5.3315354218034665,deepest_5m,49.30028,-123.1099
CF010,CF010 (BI-10),2025-03-10 18:24:16.960000+00:00,14.612134,129,5.82251734504395,deepest_5m,49.30028,-123.1099
CF010,CF010 (BI-10),2025-04-22 18:34:54.510000+00:00,20.178217,174,6.411747427488239,deepest_5m,49.30028,-123.1099
CF010,CF010 (BI-10),2025-05-30 17:41:21.220000+00:00,18.591707,141,5.494812138435512,deepest_5m,49.30028,-123.1099
CF010,CF010 (BI-10),2025-06-19 17:45:58.600000+00:00,18.372169,144,5.282820971489814,deepest_5m,49.30028,-123.1099
CF010,CF010 (BI-10),2025-07-21 20:00:01.960000+00:00,9.228837,90,6.300911876346364,deepest_5m,49.30028,-123.1099
CF010,CF010 (BI-10),2025-09-12 18:18:12.740000+00:00,17.355959,134,3.834066063998501,deepest_5m,49.30028,-123.1099
CF010,CF010 (BI-10),2025-10-02 19:54:17.220000+00:00,14.688739,255,4.153352185138682,deepest_5m,49.30028,-123.1099
CF010,CF010 (BI-10),2025-11-07 21:48:44.390000+00:00,15.633783,123,4.569926524591046,deepest_5m,49.30028,-123.1099
CF010,CF010 (BI-10),2025-12-09 22:18:37.380000+00:00,18.091608,145,4.678944899025823,deepest_5m,49.30028,-123.1099
CF010,CF010 (BI-10),2026-01-13 19:08:12.600000+00:00,11.465478,96,5.412912642455355,deepest_5m,49.30028,-123.1099
CF010,CF010 (BI-10),2026-02-09 19:41:46.880000+00:00,16.333082,205,4.815738382725243,deepest_5m,49.30028,-123.1099
CF010,CF010 (BI-10),2026-03-17 18:06:27.040000+00:00,9.124022,74,5.402934979255643,deepest_5m,49.30028,-123.1099
CF010,CF010 (BI-10),2026-03-26 18:12:59.420000+00:00,16.754271,140,5.386916646532641,deepest_5m,49.30028,-123.1099
CF010,CF010 (BI-10),2026-04-13 17:25:01.430000+00:00,25.109472,228,5.1047246984914425,deepest_5m,49.30028,-123.1099
CF010,CF010 (BI-10),2026-05-04 18:54:37.410000+00:00,16.201996,134,5.610207262995084,deepest_5m,49.30028,-123.1099
CF010,CF010 (BI-10),2026-06-09 19:03:21.960000+00:00,13.346457,121,5.194015317678683,deepest_5m,49.30028,-123.1099
CF010,CF010 (BI-10),2026-06-25 18:48:59.090000+00:00,18.385637,135,5.460386994603876,deepest_5m,49.30028,-123.1099
CF016,CF016 (BI-16),2019-01-31 21:46:03.230000+00:00,36.81,286,6.041032243618451,deepest_5m,49.31722,-123.1761
CF016,CF016 (BI-16),2019-03-15 21:24:26.060000+00:00,38.39,231,6.843092252575012,deepest_5m,49.31722,-123.1761
CF016,CF016 (BI-16),2019-04-15 21:49:37.220000+00:00,42.24,278,5.727720555306763,deepest_5m,49.31722,-123.1761
CF016,CF016 (BI-16),2019-05-14 22:02:32.450000+00:00,40.89,861,6.499550190425992,deepest_5m,49.31722,-123.1761
CF016,CF016 (BI-16),2019-05-22 21:27:52.670000+00:00,41.83,297,5.339026177584173,deepest_5m,49.31722,-123.1761
CF016,CF016 (BI-16),2019-06-10 20:04:03.220000+00:00,38.5,262,5.319228767504632,deepest_5m,49.31722,-123.1761
CF016,CF016 (BI-16),2019-06-24 18:08:45.080000+00:00,44.82,639,5.57550380653829,deepest_5m,49.31722,-123.1761
CF016,CF016 (BI-16),2019-08-07 17:34:53.300000+00:00,40.72,337,4.54783660946537,deepest_5m,49.31722,-123.1761
CF016,CF016 (BI-16),2019-10-04 19:23:46.540000+00:00,44.79,337,3.909382518043305,deepest_5m,49.31722,-123.1761
CF016,CF016 (BI-16),2019-10-15 17:30:58.910000+00:00,41.92,375,3.910065593635573,deepest_5m,49.31722,-123.1761
CF016,CF016 (BI-16),2019-10-30 18:43:05.360000+00:00,40.66,375,4.210793865966281,deepest_5m,49.31722,-123.1761
CF016,CF016 (BI-16),2019-11-15 18:25:54.050000+00:00,37.86,294,4.405172413793104,deepest_5m,49.31722,-123.1761
CF016,CF016 (BI-16),2019-12-11 21:02:38.690000+00:00,43.5,377,4.017116982634224,deepest_5m,49.31722,-123.1761
CF016,CF016 (BI-16),2020-02-11 21:46:01.760000+00:00,37.54,292,6.1501716674130495,deepest_5m,49.31722,-123.1761
CF016,CF016 (BI-16),2020-03-18 20:45:37.210000+00:00,45.18,621,5.725813139606242,deepest_5m,49.31722,-123.1761
CF016,CF016 (BI-16),2020-11-23 21:50:36.370000+00:00,50.15,351,4.038513210927005,deepest_5m,49.31722,-123.1761
CF016,CF016 (BI-16),2020-12-09 22:34:21.320000+00:00,45.76,344,4.179970891177788,deepest_5m,49.31722,-123.1761
CF016,CF016 (BI-16),2021-01-04 18:18:58.760000+00:00,51.74,714,4.9148617839840405,deepest_5m,49.31722,-123.1761
CF016,CF016 (BI-16),2021-01-27 18:23:21.190000+00:00,28.95,434,5.84739803806741,deepest_5m,49.31722,-123.1761
CF016,CF016 (BI-16),2021-03-10 19:04:35.220000+00:00,48.56,378,5.971526468719733,deepest_5m,49.31722,-123.1761
CF016,CF016 (BI-16),2021-03-26 21:08:07.250000+00:00,39.9,280,5.712103987966057,deepest_5m,49.31722,-123.1761
CF016,CF016 (BI-16),2021-04-27 17:14:23.360000+00:00,48.8,889,5.373058314234784,deepest_5m,49.31722,-123.1761
CF016,CF016 (BI-16),2021-05-12 20:20:53.780000+00:00,37.5,209,5.0912778904665315,deepest_5m,49.31722,-123.1761
CF016,CF016 (BI-16),2021-08-06 19:22:30.790000+00:00,42.19,309,4.126735333631885,deepest_5m,49.31722,-123.1761
CF016,CF016 (BI-16),2021-08-17 17:49:05.240000+00:00,37.91,322,4.1511668408220155,deepest_5m,49.31722,-123.1761
CF016,CF016 (BI-16),2021-09-03 18:30:43.870000+00:00,37.78,266,3.868394536497985,deepest_5m,49.31722,-123.1761
CF016,CF016 (BI-16),2021-09-28 17:34:23.680000+00:00,37.74,341,3.6487322201607917,deepest_5m,49.31722,-123.1761
CF016,CF016 (BI-16),2021-10-19 17:58:08.510000+00:00,43.31,328,3.51134497686222,deepest_5m,49.31722,-123.1761
CF016,CF016 (BI-16),2021-11-24 17:48:47.280000+00:00,33.53,262,5.114516025846076,deepest_5m,49.31722,-123.1761
CF016,CF016 (BI-16),2022-02-22 18:15:17.510000+00:00,35.12,455,6.306978120401767,deepest_5m,49.31722,-123.1761
CF016,CF016 (BI-16),2022-03-11 18:05:59.300000+00:00,48.27,431,5.679776612839493,deepest_5m,49.31722,-123.1761
CF016,CF016 (BI-16),2022-03-25 18:30:13.320000+00:00,33.73,287,5.657162760611036,deepest_5m,49.31722,-123.1761
CF016,CF016 (BI-16),2022-04-11 19:56:52.800000+00:00,37.71,362,5.78296381950525,deepest_5m,49.31722,-123.1761
CF016,CF016 (BI-16),2022-05-11 17:47:39.650000+00:00,33.39,285,5.735581366542481,deepest_5m,49.31722,-123.1761
CF016,CF016 (BI-16),2022-07-12 17:31:30.420000+00:00,31.29,278,5.55665024630542,deepest_5m,49.31722,-123.1761
CF016,CF016 (BI-16),2022-07-21 20:52:44.440000+00:00,15.97,137,6.449888042991492,deepest_5m,49.31722,-123.1761
CF016,CF016 (BI-16),2022-09-20 17:29:03.620000+00:00,37.78,330,4.25406777130915,deepest_5m,49.31722,-123.1761
CF016,CF016 (BI-16),2022-10-21 18:27:40.670000+00:00,42.13,326,3.9997358962876217,deepest_5m,49.31722,-123.1761
CF016,CF016 (BI-16),2022-10-31 17:38:54.550000+00:00,40.63,370,3.8214957456336776,deepest_5m,49.31722,-123.1761
CF016,CF016 (BI-16),2022-11-17 18:12:52.430000+00:00,35.41,312,3.9490968801313646,deepest_5m,49.31722,-123.1761
CF016,CF016 (BI-16),2023-01-17 19:17:40.400000+00:00,42.94,404,6.395673292225017,deepest_5m,49.31722,-123.1761
CF016,CF016 (BI-16),2023-04-13 18:05:08.910000+00:00,47.2,422,5.815732473016077,deepest_5m,49.31722,-123.1761
CF016,CF016 (BI-16),2023-07-26 21:51:58.940000+00:00,45.92,346,4.84896999552172,deepest_5m,49.31722,-123.1761
CF016,CF016 (BI-16),2023-08-09 21:32:39.610000+00:00,44.9,362,4.432808570739605,deepest_5m,49.31722,-123.1761
CF016,CF016 (BI-16),2023-08-24 18:23:36.910000+00:00,39.0,311,4.991469942208859,deepest_5m,49.31722,-123.1761
CF016,CF016 (BI-16),2023-09-11 17:23:00.420000+00:00,36.39,296,4.5516681594267805,deepest_5m,49.31722,-123.1761
CF016,CF016 (BI-16),2023-12-06 19:22:27.970000+00:00,41.47,323,4.879849774050402,deepest_5m,49.31722,-123.1761
CF016,CF016 (BI-16),2024-01-15 19:14:05.130000+00:00,47.1,405,5.8878190774742505,deepest_5m,49.31722,-123.1761
CF016,CF016 (BI-16),2024-03-06 22:11:47.680000+00:00,44.37,365,5.966942979610116,deepest_5m,49.31722,-123.1761
CF016,CF016 (BI-16),2024-04-08 17:48:15.900000+00:00,44.54,389,6.090698747438559,deepest_5m,49.31722,-123.1761
CF016,CF016 (BI-16),2024-04-30 17:43:56.160000+00:00,37.95,298,5.849363146877182,deepest_5m,49.31722,-123.1761
CF016,CF016 (BI-16),2024-05-21 21:28:10.200000+00:00,44.58,357,5.739982513381529,deepest_5m,49.31722,-123.1761
CF016,CF016 (BI-16),2024-06-06 17:09:35.910000+00:00,31.95,255,5.388216207995,deepest_5m,49.31722,-123.1761
CF016,CF016 (BI-16),2024-07-18 20:48:07.510000+00:00,34.17,395,5.275117212133398,deepest_5m,49.31722,-123.1761
CF016,CF016 (BI-16),2024-08-08 18:03:33.530000+00:00,28.43,391,4.349104028560078,deepest_5m,49.31722,-123.1761
CF016,CF016 (BI-16),2024-11-08 18:54:38.420000+00:00,47.387768,378,2.8552110229852827,deepest_5m,49.31722,-123.1761
CF016,CF016 (BI-16),2024-11-21 21:33:13.960000+00:00,38.105907,308,3.4353627000743803,deepest_5m,49.31722,-123.1761
CF016,CF016 (BI-16),2025-01-09 22:35:09.850000+00:00,43.252979,360,4.473553751573999,deepest_5m,49.31722,-123.1761
CF016,CF016 (BI-16),2025-01-27 18:57:09.370000+00:00,45.622162,381,4.687262956087148,deepest_5m,49.31722,-123.1761
CF016,CF016 (BI-16),2025-03-10 18:12:32.350000+00:00,45.197922,368,4.196410222174438,deepest_5m,49.31722,-123.1761
CF016,CF016 (BI-16),2025-04-22 17:30:35.750000+00:00,25.79829,258,5.623795091631206,deepest_5m,49.31722,-123.1761
CF016,CF016 (BI-16),2025-05-13 17:46:14.530000+00:00,32.447636,285,4.985996508769618,deepest_5m,49.31722,-123.1761
CF016,CF016 (BI-16),2025-05-30 17:29:02.210000+00:00,45.48737,392,4.154004819402462,deepest_5m,49.31722,-123.1761
CF016,CF016 (BI-16),2025-06-19 17:32:30.090000+00:00,38.995792,317,3.6708048713333987,deepest_5m,49.31722,-123.1761
CF016,CF016 (BI-16),2025-07-21 18:29:12.210000+00:00,37.578468,303,3.8806784845533278,deepest_5m,49.31722,-123.1761
CF016,CF016 (BI-16),2025-08-18 17:29:05.210000+00:00,42.1366,359,3.162209999991597,deepest_5m,49.31722,-123.1761
CF016,CF016 (BI-16),2025-09-12 18:03:32.850000+00:00,48.121376,371,2.762535008651704,deepest_5m,49.31722,-123.1761
CF016,CF016 (BI-16),2025-10-02 20:20:52.480000+00:00,38.507782,308,2.633043366196856,deepest_5m,49.31722,-123.1761
CF016,CF016 (BI-16),2025-11-07 22:05:53.780000+00:00,40.490868,326,2.564015958323249,deepest_5m,49.31722,-123.1761
CF016,CF016 (BI-16),2025-12-09 22:31:57.640000+00:00,48.834995,452,3.9451168508635934,deepest_5m,49.31722,-123.1761
CF016,CF016 (BI-16),2026-01-13 18:36:35.940000+00:00,42.505116,372,4.382450418914576,deepest_5m,49.31722,-123.1761
CF016,CF016 (BI-16),2026-02-09 19:24:01.300000+00:00,52.246777,524,3.973516724622639,deepest_5m,49.31722,-123.1761
CF016,CF016 (BI-16),2026-03-26 17:24:36.040000+00:00,40.797695,400,4.473149489705736,deepest_5m,49.31722,-123.1761
CF016,CF016 (BI-16),2026-05-04 18:03:43.410000+00:00,43.359409,349,4.27082749749318,deepest_5m,49.31722,-123.1761
CF016,CF016 (BI-16),2026-06-09 18:09:47.720000+00:00,44.788857,371,3.809396487195068,deepest_5m,49.31722,-123.1761
CF016,CF016 (BI-16),2026-06-25 18:35:14.580000+00:00,39.607159,334,4.092497077366103,deepest_5m,49.31722,-123.1761
CF031,CF031 (ONC Haro Strait Testing Site),2020-01-21 23:16:59.980000+00:00,6.4,156,6.608419752435981,deepest_5m,48.64803,-123.392062
CF031,CF031 (ONC Haro Strait Testing Site),2022-07-21 19:42:35.950000+00:00,4.55,219,6.577653176613971,deepest_5m,48.64803,-123.392062
CF031,CF031 (ONC Haro Strait Testing Site),2023-11-24 20:08:43.030000+00:00,7.93,143,5.986038028063891,deepest_5m,48.64803,-123.392062
CF031,CF031 (ONC Haro Strait Testing Site),2024-03-25 19:03:52.170000+00:00,9.023898,468,6.526226394642205,deepest_5m,48.64803,-123.392062
CF031,CF031 (ONC Haro Strait Testing Site),2024-05-09 16:46:44.580000+00:00,8.86,559,6.634243099633148,deepest_5m,48.64803,-123.392062
CF031,CF031 (ONC Haro Strait Testing Site),2024-05-17 22:52:58.650000+00:00,5.162189,430,7.254784070772404,deepest_5m,48.64803,-123.392062
CF031,CF031 (ONC Haro Strait Testing Site),2024-07-26 17:49:43.100000+00:00,7.49,606,6.350435742298388,deepest_5m,48.64803,-123.392062
CF031,CF031 (ONC Haro Strait Testing Site),2024-09-04 18:58:27.620000+00:00,9.444391,127,5.306885394644626,deepest_5m,48.64803,-123.392062
CF031,CF031 (ONC Haro Strait Testing Site),2025-02-13 23:26:54.140000+00:00,9.44,138,7.224684961481124,deepest_5m,48.64803,-123.392062
CF031,CF031 (ONC Haro Strait Testing Site),2025-04-25 22:16:38.700000+00:00,8.358569,560,6.870695145588342,deepest_5m,48.64803,-123.392062
CF031,CF031 (ONC Haro Strait Testing Site),2025-07-09 22:53:26.030000+00:00,6.227463,178,6.906274362707202,deepest_5m,48.64803,-123.392062
CF031,CF031 (ONC Haro Strait Testing Site),2025-09-04 22:22:52.520000+00:00,6.9,117,6.544535319489947,deepest_5m,48.64803,-123.392062
CF031,CF031 (ONC Haro Strait Testing Site),2025-10-20 22:12:53.770000+00:00,6.854233,111,4.849088486125101,deepest_5m,48.64803,-123.392062
CF031,CF031 (ONC Haro Strait Testing Site),2025-10-27 18:16:49.190000+00:00,7.032347,149,4.266794281312259,deepest_5m,48.64803,-123.392062
CF031,CF031 (ONC Haro Strait Testing Site),2026-03-11 16:30:18.820000+00:00,5.429302,142,6.0046520938661745,deepest_5m,48.64803,-123.392062
CF031,CF031 (ONC Haro Strait Testing Site),2026-05-14 20:48:36.990000+00:00,7.488719,156,6.914103992042587,deepest_5m,48.64803,-123.392062
CF119,CF119 (BPS),2020-07-08 17:53:28.440000+00:00,44.78,394,5.0176332288401255,deepest_5m,48.622864,-123.498614
CF119,CF119 (BPS),2022-02-17 20:36:00.580000+00:00,176.71,4738,0.05821764442454098,deepest_5m,48.622864,-123.498614
CF119,CF119 (BPS),2022-12-13 18:32:34.370000+00:00,192.81,1915,0.07785676966711451,deepest_5m,48.622864,-123.498614
CF119,CF119 (BPS),2023-03-18 12:18:25.250000+00:00,203.78,1490,0.14853517975487995,deepest_5m,48.622864,-123.498614
CF119,CF119 (BPS),2026-06-18 18:14:37.100000+00:00,85.790604,1465,1.5191958559032221,deepest_5m,48.622864,-123.498614
CF119,CF119 (BPS),2026-06-18 21:30:53.160000+00:00,130.864746,2423,0.0,deepest_5m,48.622864,-123.498614
CF141,CF141 (GVHA10),2025-06-13 18:06:53.630000+00:00,7.52,633,6.771849863988292,deepest_5m,48.42533,-123.37189
CF226,CF226 (BI-7),2019-01-25 21:49:59.440000+00:00,7.46,43,6.121169470923166,deepest_5m,49.298243,-122.878294
CF226,CF226 (BI-7),2019-02-08 18:15:43.130000+00:00,9.7,69,6.527197742113541,deepest_5m,49.298243,-122.878294
CF226,CF226 (BI-7),2019-03-15 16:45:48.580000+00:00,9.09,66,7.303527889734791,deepest_5m,49.298243,-122.878294
CF226,CF226 (BI-7),2019-04-09 18:46:24.280000+00:00,8.03,52,10.293327362292876,deepest_5m,49.298243,-122.878294
CF226,CF226 (BI-7),2019-04-15 22:33:18.370000+00:00,9.05,59,11.639314032823162,deepest_5m,49.298243,-122.878294
CF226,CF226 (BI-7),2019-04-25 20:07:43.530000+00:00,7.79,43,10.60170672239638,deepest_5m,49.298243,-122.878294
CF226,CF226 (BI-7),2019-06-25 17:52:28.960000+00:00,6.94,37,9.435131504097019,deepest_5m,49.298243,-122.878294
CF226,CF226 (BI-7),2019-07-18 19:39:10.430000+00:00,9.05,55,8.107301679875857,deepest_5m,49.298243,-122.878294
CF226,CF226 (BI-7),2019-08-22 19:32:41.930000+00:00,8.82,66,7.480860682831127,deepest_5m,49.298243,-122.878294
CF226,CF226 (BI-7),2019-10-03 21:05:50.480000+00:00,7.55,61,9.457933370976852,deepest_5m,49.298243,-122.878294
CF226,CF226 (BI-7),2019-10-16 19:00:05.550000+00:00,11.28,92,6.946452562216108,deepest_5m,49.298243,-122.878294
CF226,CF226 (BI-7),2019-11-01 21:36:58.840000+00:00,8.12,169,6.0642585587559905,deepest_5m,49.298243,-122.878294
CF226,CF226 (BI-7),2019-11-15 22:02:22.430000+00:00,11.43,118,4.718540080609046,deepest_5m,49.298243,-122.878294
CF226,CF226 (BI-7),2019-12-12 18:42:54.930000+00:00,12.09,106,4.952011154989211,deepest_5m,49.298243,-122.878294
CF226,CF226 (BI-7),2020-01-07 19:55:23.780000+00:00,8.69,426,5.5788923719958206,deepest_5m,49.298243,-122.878294
CF226,CF226 (BI-7),2020-01-24 19:40:29.460000+00:00,11.73,88,6.622939717977564,deepest_5m,49.298243,-122.878294
CF226,CF226 (BI-7),2020-03-19 18:24:24.520000+00:00,9.63,81,12.476763208642167,deepest_5m,49.298243,-122.878294
CF226,CF226 (BI-7),2020-07-28 17:15:29.030000+00:00,6.44,134,6.228607254814154,deepest_5m,49.298243,-122.878294
CF226,CF226 (BI-7),2020-11-12 18:09:59.260000+00:00,9.88,129,4.4857765922233686,deepest_5m,49.298243,-122.878294
CF226,CF226 (BI-7),2020-11-24 19:53:34.620000+00:00,11.89,148,4.852071350056124,deepest_5m,49.298243,-122.878294
CF226,CF226 (BI-7),2021-01-07 19:18:36.430000+00:00,12.59,97,6.124653538446642,deepest_5m,49.298243,-122.878294
CF226,CF226 (BI-7),2021-01-26 17:49:27.430000+00:00,12.06,94,5.634105439681375,deepest_5m,49.298243,-122.878294
CF226,CF226 (BI-7),2021-04-28 17:51:22.800000+00:00,8.32,61,8.882341376033553,deepest_5m,49.298243,-122.878294
CF226,CF226 (BI-7),2021-08-05 22:25:15.530000+00:00,4.0,67,7.569363215271605,deepest_5m,49.298243,-122.878294
CF226,CF226 (BI-7),2021-08-16 22:01:33.100000+00:00,4.42,40,6.652765338110166,deepest_5m,49.298243,-122.878294
CF226,CF226 (BI-7),2021-09-03 20:57:15.500000+00:00,8.91,56,7.300812488004607,deepest_5m,49.298243,-122.878294
CF226,CF226 (BI-7),2021-09-15 17:40:02.480000+00:00,4.63,43,6.573126152115726,deepest_5m,49.298243,-122.878294
CF226,CF226 (BI-7),2021-10-19 19:04:53.530000+00:00,4.78,43,6.435288849081953,deepest_5m,49.298243,-122.878294
CF226,CF226 (BI-7),2021-11-25 21:40:17.320000+00:00,6.89,45,6.939863092572453,deepest_5m,49.298243,-122.878294
CF226,CF226 (BI-7),2022-02-22 21:23:50.740000+00:00,5.55,45,7.865303279096381,deepest_5m,49.298243,-122.878294
CF226,CF226 (BI-7),2022-03-25 21:03:34.500000+00:00,6.38,43,14.060602589070912,deepest_5m,49.298243,-122.878294
CF226,CF226 (BI-7),2022-04-11 18:47:35.470000+00:00,5.8,67,8.654948499776086,deepest_5m,49.298243,-122.878294
CF226,CF226 (BI-7),2022-05-11 19:36:22.080000+00:00,3.17,36,9.312397372742202,deepest_5m,49.298243,-122.878294
CF226,CF226 (BI-7),2022-06-02 19:20:32.010000+00:00,5.36,49,9.52146375791696,deepest_5m,49.298243,-122.878294
CF226,CF226 (BI-7),2022-06-17 19:30:38.500000+00:00,4.38,43,10.34378612566263,deepest_5m,49.298243,-122.878294
CF226,CF226 (BI-7),2022-06-30 19:07:50.990000+00:00,5.7,73,7.067286162113749,deepest_5m,49.298243,-122.878294
CF226,CF226 (BI-7),2022-07-12 20:08:39.050000+00:00,3.64,21,12.334250314545882,deepest_5m,49.298243,-122.878294
CF226,CF226 (BI-7),2022-07-21 19:35:20.530000+00:00,6.5,36,7.137197094093647,deepest_5m,49.298243,-122.878294
CF226,CF226 (BI-7),2022-09-20 19:22:09.780000+00:00,5.97,46,8.243316426957163,deepest_5m,49.298243,-122.878294
CF226,CF226 (BI-7),2022-10-21 19:46:13.160000+00:00,10.58,81,7.5044782803403525,deepest_5m,49.298243,-122.878294
CF226,CF226 (BI-7),2022-10-31 19:31:34.620000+00:00,7.82,104,5.3508975444995395,deepest_5m,49.298243,-122.878294
CF226,CF226 (BI-7),2022-11-17 20:10:07.720000+00:00,9.08,67,4.786215426609516,deepest_5m,49.298243,-122.878294
CF226,CF226 (BI-7),2023-01-16 20:16:56.420000+00:00,10.19,78,7.203137153227899,deepest_5m,49.298243,-122.878294
CF226,CF226 (BI-7),2023-03-29 19:34:27.070000+00:00,8.1,70,9.493805045529186,deepest_5m,49.298243,-122.878294
CF226,CF226 (BI-7),2023-04-13 16:55:48.240000+00:00,8.1,85,10.322794446932377,deepest_5m,49.298243,-122.878294
CF226,CF226 (BI-7),2023-08-09 19:28:43.750000+00:00,6.14,45,7.48452696728559,deepest_5m,49.298243,-122.878294
CF226,CF226 (BI-7),2023-09-11 20:14:36.070000+00:00,4.6,48,8.309075981489775,deepest_5m,49.298243,-122.878294
CF226,CF226 (BI-7),2023-12-06 21:12:15.050000+00:00,8.97,59,6.9389087923570685,deepest_5m,49.298243,-122.878294
CF226,CF226 (BI-7),2024-01-15 20:21:35.590000+00:00,7.89,59,6.3416094731251125,deepest_5m,49.298243,-122.878294
CF226,CF226 (BI-7),2024-02-02 21:02:09.420000+00:00,8.3,64,7.474031435343462,deepest_5m,49.298243,-122.878294
CF226,CF226 (BI-7),2024-02-23 21:35:00.470000+00:00,9.63,80,7.183942761328488,deepest_5m,49.298243,-122.878294
CF226,CF226 (BI-7),2024-03-06 20:40:40.800000+00:00,6.57,45,9.392603766469465,deepest_5m,49.298243,-122.878294
CF226,CF226 (BI-7),2024-04-08 19:39:25.460000+00:00,6.32,47,9.291098884694945,deepest_5m,49.298243,-122.878294
CF226,CF226 (BI-7),2024-04-30 19:46:00.300000+00:00,7.83,61,7.431757114358995,deepest_5m,49.298243,-122.878294
CF226,CF226 (BI-7),2024-05-21 20:01:34.430000+00:00,6.49,50,8.233038513210928,deepest_5m,49.298243,-122.878294
CF226,CF226 (BI-7),2024-06-06 20:05:38.860000+00:00,7.72,56,9.730687416032243,deepest_5m,49.298243,-122.878294
CF226,CF226 (BI-7),2024-06-19 17:50:52.240000+00:00,5.71,40,8.398790864308106,deepest_5m,49.298243,-122.878294
CF226,CF226 (BI-7),2024-07-18 18:55:35.310000+00:00,5.89,39,7.826560916397577,deepest_5m,49.298243,-122.878294
CF226,CF226 (BI-7),2024-08-08 20:39:55.760000+00:00,6.91,63,8.396372592924319,deepest_5m,49.298243,-122.878294
CF226,CF226 (BI-7),2024-10-29 20:12:07.740000+00:00,7.563946,59,4.251210762982824,deepest_5m,49.298243,-122.878294
CF226,CF226 (BI-7),2024-11-08 21:13:54.110000+00:00,8.406195,62,3.966143768157939,deepest_5m,49.298243,-122.878294
CF226,CF226 (BI-7),2024-11-21 19:49:04.310000+00:00,9.349679,77,3.9206226115637914,deepest_5m,49.298243,-122.878294
CF226,CF226 (BI-7),2024-12-04 20:20:37.290000+00:00,9.24714,75,3.8346977300101814,deepest_5m,49.298243,-122.878294
CF226,CF226 (BI-7),2025-01-09 20:13:16.510000+00:00,8.976133,78,4.46331733131801,deepest_5m,49.298243,-122.878294
CF226,CF226 (BI-7),2025-01-27 21:18:42.930000+00:00,10.020849,85,5.635301287020968,deepest_5m,49.298243,-122.878294
CF226,CF226 (BI-7),2025-03-10 19:19:16.310000+00:00,7.346975,55,6.268657875822377,deepest_5m,49.298243,-122.878294
CF226,CF226 (BI-7),2025-04-22 19:48:31.940000+00:00,7.027619,60,8.74689914368276,deepest_5m,49.298243,-122.878294
CF226,CF226 (BI-7),2025-05-13 19:07:18.560000+00:00,5.714067,41,7.739586599579763,deepest_5m,49.298243,-122.878294
CF226,CF226 (BI-7),2025-05-30 18:39:20.060000+00:00,6.574941,44,8.200435619614717,deepest_5m,49.298243,-122.878294
CF226,CF226 (BI-7),2025-06-19 18:46:57.120000+00:00,7.699333,60,7.867189658968594,deepest_5m,49.298243,-122.878294
CF226,CF226 (BI-7),2025-07-21 21:06:39.240000+00:00,6.597652,60,8.228568568125292,deepest_5m,49.298243,-122.878294
CF226,CF226 (BI-7),2025-08-18 21:21:47.480000+00:00,8.75445,67,4.736310904777636,deepest_5m,49.298243,-122.878294
CF226,CF226 (BI-7),2025-09-12 19:27:39.080000+00:00,6.566857,51,5.800623669296453,deepest_5m,49.298243,-122.878294
CF226,CF226 (BI-7),2025-10-02 18:47:42.840000+00:00,6.510336,56,4.8889693471842826,deepest_5m,49.298243,-122.878294
CF226,CF226 (BI-7),2025-10-29 18:44:07.480000+00:00,11.072853,76,4.102148600157737,deepest_5m,49.298243,-122.878294
CF226,CF226 (BI-7),2025-11-07 19:38:42.310000+00:00,7.66082,61,4.097310850477243,deepest_5m,49.298243,-122.878294
CF226,CF226 (BI-7),2025-12-09 20:03:30.810000+00:00,9.325054,94,3.774238869873533,deepest_5m,49.298243,-122.878294
CF226,CF226 (BI-7),2026-01-13 20:49:01.040000+00:00,8.917257,74,5.127455617033437,deepest_5m,49.298243,-122.878294
CF226,CF226 (BI-7),2026-02-09 21:04:01.050000+00:00,8.727982,72,5.3411402418775475,deepest_5m,49.298243,-122.878294
CF226,CF226 (BI-7),2026-03-17 19:14:31.890000+00:00,7.924538,67,6.331690928886335,deepest_5m,49.298243,-122.878294
CF226,CF226 (BI-7),2026-03-26 20:10:44.620000+00:00,8.882346,80,5.393679763727415,deepest_5m,49.298243,-122.878294
CF226,CF226 (BI-7),2026-04-13 18:31:46.710000+00:00,7.467073,77,6.978026835114967,deepest_5m,49.298243,-122.878294
CF226,CF226 (BI-7),2026-05-04 19:59:59.950000+00:00,6.074284,44,9.312064329108825,deepest_5m,49.298243,-122.878294
CF226,CF226 (BI-7),2026-06-09 20:42:33.920000+00:00,8.50955,64,8.354206709579813,deepest_5m,49.298243,-122.878294
CF226,CF226 (BI-7),2026-06-25 20:14:30.780000+00:00,7.773649,65,6.25444338166418,deepest_5m,49.298243,-122.878294
CF361,CF361 (BSM-1),2024-07-30 17:40:24.260000+00:00,47.38,1020,5.0111687232584625,deepest_5m,49.487083,-124.769333
CF361,CF361 (BSM-1),2024-07-30 22:45:11.250000+00:00,52.98,1482,5.154119865590661,deepest_5m,49.487083,-124.769333
CF361,CF361 (BSM-1),2026-04-27 22:31:34.880000+00:00,41.793411,155,5.262434396451329,deepest_5m,49.487083,-124.769333
CF425,CF425 (BI-3.A),2023-08-09 18:20:23.570000+00:00,161.3,2041,3.201946495326544,deepest_5m,49.37563,-122.87185
CF425,CF425 (BI-3.A),2023-08-24 20:49:17.130000+00:00,126.96,1273,3.2941483803552774,deepest_5m,49.37563,-122.87185
CF425,CF425 (BI-3.A),2023-12-06 22:28:40.560000+00:00,149.03,1638,1.7516719733468504,deepest_5m,49.37563,-122.87185
CF425,CF425 (BI-3.A),2024-01-15 22:19:20.570000+00:00,97.0,878,3.007209153253779,deepest_5m,49.37563,-122.87185
CF425,CF425 (BI-3.A),2024-02-02 19:36:30.360000+00:00,110.08,1176,2.7526057444921546,deepest_5m,49.37563,-122.87185
CF425,CF425 (BI-3.A),2024-02-23 22:27:12.030000+00:00,115.12,1100,2.2909389461113596,deepest_5m,49.37563,-122.87185
CF425,CF425 (BI-3.A),2024-03-06 19:52:03.540000+00:00,93.12,1440,2.76313968163498,deepest_5m,49.37563,-122.87185
CF425,CF425 (BI-3.A),2024-04-08 21:14:20.020000+00:00,174.14,2307,0.9841687458682532,deepest_5m,49.37563,-122.87185
CF425,CF425 (BI-3.A),2024-04-30 20:30:52.870000+00:00,59.38,497,5.23571256329877,deepest_5m,49.37563,-122.87185
CF425,CF425 (BI-3.A),2024-05-21 19:05:30.190000+00:00,169.58,2104,0.7342600309031003,deepest_5m,49.37563,-122.87185
CF425,CF425 (BI-3.A),2024-06-06 21:43:25.400000+00:00,139.39,1520,0.8974276954572523,deepest_5m,49.37563,-122.87185
CF425,CF425 (BI-3.A),2024-07-18 17:54:40.510000+00:00,115.96,1093,1.0804573624373404,deepest_5m,49.37563,-122.87185
CF425,CF425 (BI-3.A),2024-08-08 21:48:35.010000+00:00,106.96,1016,1.186023211154713,deepest_5m,49.37563,-122.87185
CF425,CF425 (BI-3.A),2024-10-29 21:46:47.570000+00:00,167.938965,2092,0.0571118805191853,deepest_5m,49.37563,-122.87185
CF425,CF425 (BI-3.A),2024-11-08 22:01:26.590000+00:00,170.492142,2200,0.034744126334602,deepest_5m,49.37563,-122.87185
CF425,CF425 (BI-3.A),2024-11-21 18:59:27.070000+00:00,166.082291,2095,0.023339698015188332,deepest_5m,49.37563,-122.87185
CF425,CF425 (BI-3.A),2024-12-04 19:18:27.680000+00:00,55.922646,457,3.8156880043477184,deepest_5m,49.37563,-122.87185
CF425,CF425 (BI-3.A),2025-01-09 19:10:26.210000+00:00,170.082123,2266,0.0,deepest_5m,49.37563,-122.87185
CF425,CF425 (BI-3.A),2025-01-27 23:02:47.820000+00:00,158.927475,1845,0.0,deepest_5m,49.37563,-122.87185
CF425,CF425 (BI-3.A),2025-03-10 20:29:28.690000+00:00,170.928299,2233,4.22741736652177,deepest_5m,49.37563,-122.87185
CF425,CF425 (BI-3.A),2025-04-22 20:51:13.150000+00:00,171.169052,2242,3.3081051231788092,deepest_5m,49.37563,-122.87185
CF425,CF425 (BI-3.A),2025-05-30 20:14:42.460000+00:00,170.681778,2297,2.659158135024566,deepest_5m,49.37563,-122.87185
CF425,CF425 (BI-3.A),2025-06-19 20:02:12.190000+00:00,170.681961,2192,2.2990369795059453,deepest_5m,49.37563,-122.87185
CF425,CF425 (BI-3.A),2025-07-21 22:34:36.720000+00:00,169.921082,5130,1.8160459732929053,deepest_5m,49.37563,-122.87185
CF425,CF425 (BI-3.A),2025-08-18 22:17:46.670000+00:00,170.572662,2223,1.5495981013290439,deepest_5m,49.37563,-122.87185
CF425,CF425 (BI-3.A),2025-09-12 20:47:51.210000+00:00,171.964508,2290,1.3094935359515436,deepest_5m,49.37563,-122.87185
CF425,CF425 (BI-3.A),2025-10-02 17:31:59.690000+00:00,167.77298,2189,1.2311966562322678,deepest_5m,49.37563,-122.87185
CF425,CF425 (BI-3.A),2025-10-29 17:49:47.390000+00:00,166.766846,2177,1.007413990802677,deepest_5m,49.37563,-122.87185
CF425,CF425 (BI-3.A),2025-11-07 18:43:31.420000+00:00,166.87352,2260,0.981064595064947,deepest_5m,49.37563,-122.87185
CF425,CF425 (BI-3.A),2025-12-09 18:45:37.440000+00:00,143.677185,1645,1.0777319213614036,deepest_5m,49.37563,-122.87185
CF425,CF425 (BI-3.A),2026-01-13 21:53:24.960000+00:00,172.677444,2303,0.7755369740563162,deepest_5m,49.37563,-122.87185
CF425,CF425 (BI-3.A),2026-02-09 21:49:09.970000+00:00,171.129639,2307,0.6977459030018034,deepest_5m,49.37563,-122.87185
CF425,CF425 (BI-3.A),2026-03-17 20:24:41.710000+00:00,171.860947,2373,0.5470601069767631,deepest_5m,49.37563,-122.87185
CF425,CF425 (BI-3.A),2026-03-26 20:58:08.430000+00:00,172.934845,2285,0.5950790290653788,deepest_5m,49.37563,-122.87185
CF425,CF425 (BI-3.A),2026-04-13 19:14:26.200000+00:00,167.526184,2241,0.5207763352108554,deepest_5m,49.37563,-122.87185
CF425,CF425 (BI-3.A),2026-05-04 20:51:41.750000+00:00,173.495621,2286,0.365545175082461,deepest_5m,49.37563,-122.87185
CF425,CF425 (BI-3.A),2026-06-09 21:26:08.810000+00:00,167.952805,2281,0.24379841449743117,deepest_5m,49.37563,-122.87185
CF425,CF425 (BI-3.A),2026-06-25 21:53:36.440000+00:00,165.946198,2717,0.18486905575199536,deepest_5m,49.37563,-122.87185
CF426,CF426 (BI-8.A),2023-08-09 19:48:34.190000+00:00,26.28,188,5.933073278808308,deepest_5m,49.30486,-122.98274
CF426,CF426 (BI-8.A),2023-08-24 19:31:42.690000+00:00,24.47,192,5.910019333063909,deepest_5m,49.30486,-122.98274
CF426,CF426 (BI-8.A),2023-09-11 19:55:09.590000+00:00,26.54,193,5.874490862175591,deepest_5m,49.30486,-122.98274
CF426,CF426 (BI-8.A),2023-12-06 20:55:28.530000+00:00,29.65,225,5.444265765582381,deepest_5m,49.30486,-122.98274
CF426,CF426 (BI-8.A),2024-01-15 20:05:44.400000+00:00,27.45,232,6.288650047270736,deepest_5m,49.30486,-122.98274
CF426,CF426 (BI-8.A),2024-02-02 21:20:08.150000+00:00,13.93,145,6.565726227795194,deepest_5m,49.30486,-122.98274
CF426,CF426 (BI-8.A),2024-02-23 21:16:52.860000+00:00,30.62,244,6.530558932036763,deepest_5m,49.30486,-122.98274
CF426,CF426 (BI-8.A),2024-03-06 21:09:52.050000+00:00,30.28,228,6.9284458182692,deepest_5m,49.30486,-122.98274
CF426,CF426 (BI-8.A),2024-04-08 19:20:48.530000+00:00,23.58,192,8.169055082848185,deepest_5m,49.30486,-122.98274
CF426,CF426 (BI-8.A),2024-04-30 19:10:17.410000+00:00,29.15,236,6.840253342716399,deepest_5m,49.30486,-122.98274
CF426,CF426 (BI-8.A),2024-05-21 20:25:53.940000+00:00,25.36,199,7.177510502633657,deepest_5m,49.30486,-122.98274
CF426,CF426 (BI-8.A),2024-06-06 19:29:03.540000+00:00,29.19,228,5.627416215030571,deepest_5m,49.30486,-122.98274
CF426,CF426 (BI-8.A),2024-07-18 19:33:21.510000+00:00,26.5,198,6.519386788031535,deepest_5m,49.30486,-122.98274
CF426,CF426 (BI-8.A),2024-08-08 20:12:55.750000+00:00,27.71,221,5.3560655349855075,deepest_5m,49.30486,-122.98274
CF426,CF426 (BI-8.A),2024-10-29 19:35:27.900000+00:00,26.48362,204,3.3423641554424295,deepest_5m,49.30486,-122.98274
CF426,CF426 (BI-8.A),2024-11-21 20:32:13.700000+00:00,27.824995,227,4.201314360510529,deepest_5m,49.30486,-122.98274
CF426,CF426 (BI-8.A),2024-12-04 21:27:24.100000+00:00,30.139936,250,4.5089009096448125,deepest_5m,49.30486,-122.98274
CF426,CF426 (BI-8.A),2025-01-09 21:24:19.170000+00:00,28.741484,233,4.978864365399007,deepest_5m,49.30486,-122.98274
CF426,CF426 (BI-8.A),2025-01-27 20:58:43.610000+00:00,30.616817,234,5.239394615384331,deepest_5m,49.30486,-122.98274
CF426,CF426 (BI-8.A),2025-03-10 18:58:27.360000+00:00,27.679092,225,5.095212504361768,deepest_5m,49.30486,-122.98274
CF426,CF426 (BI-8.A),2025-04-22 19:32:40.290000+00:00,28.337952,243,6.268468646303062,deepest_5m,49.30486,-122.98274
CF426,CF426 (BI-8.A),2025-05-30 18:13:18.800000+00:00,27.42383,208,6.043174800553039,deepest_5m,49.30486,-122.98274
CF426,CF426 (BI-8.A),2025-06-19 18:32:06.150000+00:00,27.73123,227,5.232930716702415,deepest_5m,49.30486,-122.98274
CF426,CF426 (BI-8.A),2025-07-21 20:42:47.440000+00:00,27.6457,429,5.712032322082504,deepest_5m,49.30486,-122.98274
CF426,CF426 (BI-8.A),2025-08-18 20:14:36.370000+00:00,24.846977,202,4.457431320769962,deepest_5m,49.30486,-122.98274
CF426,CF426 (BI-8.A),2025-09-12 18:58:40.450000+00:00,29.706976,222,4.233267158263052,deepest_5m,49.30486,-122.98274
CF426,CF426 (BI-8.A),2025-10-02 19:11:04.830000+00:00,26.641071,217,3.8430171620081253,deepest_5m,49.30486,-122.98274
CF426,CF426 (BI-8.A),2025-11-07 20:43:34.120000+00:00,26.417435,211,3.8334129869701585,deepest_5m,49.30486,-122.98274
CF426,CF426 (BI-8.A),2025-12-09 21:26:23.930000+00:00,27.677692,216,4.472604557967047,deepest_5m,49.30486,-122.98274
CF426,CF426 (BI-8.A),2026-01-13 19:50:15.350000+00:00,29.139198,243,4.857962307112717,deepest_5m,49.30486,-122.98274
CF426,CF426 (BI-8.A),2026-02-09 20:20:19.590000+00:00,28.790758,245,4.856818698157182,deepest_5m,49.30486,-122.98274
CF426,CF426 (BI-8.A),2026-03-17 18:51:46.930000+00:00,27.612093,220,5.271067404136736,deepest_5m,49.30486,-122.98274
CF426,CF426 (BI-8.A),2026-03-26 19:00:11.020000+00:00,28.339581,232,4.976434088384825,deepest_5m,49.30486,-122.98274
CF426,CF426 (BI-8.A),2026-04-13 18:05:07.300000+00:00,27.132975,270,6.292697817784302,deepest_5m,49.30486,-122.98274
CF426,CF426 (BI-8.A),2026-05-04 19:36:11.870000+00:00,27.599371,235,5.616286801923248,deepest_5m,49.30486,-122.98274
CF426,CF426 (BI-8.A),2026-06-09 20:18:49.070000+00:00,28.811426,227,4.939500598644327,deepest_5m,49.30486,-122.98274
CF426,CF426 (BI-8.A),2026-06-25 19:48:16.360000+00:00,28.462669,244,5.2773893261541,deepest_5m,49.30486,-122.98274
CF427,CF427 (BI-9.A),2023-08-09 20:32:57.480000+00:00,18.53,131,6.1971739694062755,deepest_5m,49.29729,-123.01416
CF427,CF427 (BI-9.A),2023-08-24 19:02:44.020000+00:00,14.62,105,6.165708157541189,deepest_5m,49.29729,-123.01416
CF427,CF427 (BI-9.A),2023-09-11 19:20:12.620000+00:00,12.93,99,5.796675894638277,deepest_5m,49.29729,-123.01416
CF427,CF427 (BI-9.A),2023-12-06 20:19:26.710000+00:00,16.36,124,5.889884062297856,deepest_5m,49.29729,-123.01416
CF427,CF427 (BI-9.A),2024-01-15 19:54:18.710000+00:00,12.11,103,6.366551470650363,deepest_5m,49.29729,-123.01416
CF427,CF427 (BI-9.A),2024-02-23 20:54:54.810000+00:00,16.56,133,6.570868786386027,deepest_5m,49.29729,-123.01416
CF427,CF427 (BI-9.A),2024-04-08 19:02:43.630000+00:00,12.28,90,7.876007613076578,deepest_5m,49.29729,-123.01416
CF427,CF427 (BI-9.A),2024-04-30 18:54:19.420000+00:00,14.76,118,7.264949206872982,deepest_5m,49.29729,-123.01416
CF427,CF427 (BI-9.A),2024-05-21 20:44:49.320000+00:00,13.46,102,7.192118226600985,deepest_5m,49.29729,-123.01416
CF427,CF427 (BI-9.A),2024-06-06 18:46:39.140000+00:00,13.06,101,6.33909194254022,deepest_5m,49.29729,-123.01416
CF427,CF427 (BI-9.A),2024-07-18 19:54:28.850000+00:00,14.32,109,6.584765108734831,deepest_5m,49.29729,-123.01416
CF427,CF427 (BI-9.A),2024-08-08 19:34:52.150000+00:00,15.82,221,5.61727733170181,deepest_5m,49.29729,-123.01416
CF427,CF427 (BI-9.A),2024-10-29 18:52:40.360000+00:00,15.306859,117,3.85256084242491,deepest_5m,49.29729,-123.01416
CF427,CF427 (BI-9.A),2024-11-08 20:33:30.660000+00:00,15.516234,121,4.277120386960839,deepest_5m,49.29729,-123.01416
CF427,CF427 (BI-9.A),2024-11-21 20:58:40.880000+00:00,13.315215,106,4.430354817851543,deepest_5m,49.29729,-123.01416
CF427,CF427 (BI-9.A),2025-01-09 21:53:45.430000+00:00,14.945603,113,4.95149309827042,deepest_5m,49.29729,-123.01416
CF427,CF427 (BI-9.A),2025-01-27 20:36:51.590000+00:00,15.141817,128,7.04630795628557,deepest_5m,49.29729,-123.01416
CF427,CF427 (BI-9.A),2025-03-10 18:45:36.940000+00:00,13.425558,114,5.4475122389421555,deepest_5m,49.29729,-123.01416
CF427,CF427 (BI-9.A),2025-04-22 19:05:47.240000+00:00,14.925975,136,6.759438984935039,deepest_5m,49.29729,-123.01416
CF427,CF427 (BI-9.A),2025-05-30 18:06:01.770000+00:00,13.751584,101,6.178599780236231,deepest_5m,49.29729,-123.01416
CF427,CF427 (BI-9.A),2025-06-19 18:17:51.150000+00:00,15.652313,119,5.626185146008609,deepest_5m,49.29729,-123.01416
CF427,CF427 (BI-9.A),2025-07-21 20:23:12.960000+00:00,13.831861,108,5.809471966349269,deepest_5m,49.29729,-123.01416
CF427,CF427 (BI-9.A),2025-08-18 19:54:37.600000+00:00,15.462935,128,4.576219401377181,deepest_5m,49.29729,-123.01416
CF427,CF427 (BI-9.A),2025-09-12 18:40:58.100000+00:00,15.633125,146,4.2796877758980285,deepest_5m,49.29729,-123.01416
CF427,CF427 (BI-9.A),2025-10-02 19:29:57.490000+00:00,14.006237,115,4.035787464939528,deepest_5m,49.29729,-123.01416
CF427,CF427 (BI-9.A),2025-11-07 21:04:09.560000+00:00,14.50885,117,4.164241256628955,deepest_5m,49.29729,-123.01416
CF427,CF427 (BI-9.A),2025-12-09 21:55:34.130000+00:00,15.794054,125,4.617536302569902,deepest_5m,49.29729,-123.01416
CF427,CF427 (BI-9.A),2026-01-13 19:31:04.880000+00:00,15.654175,134,5.074405701621066,deepest_5m,49.29729,-123.01416
CF427,CF427 (BI-9.A),2026-02-09 20:04:05.120000+00:00,15.32737,135,5.163912451241456,deepest_5m,49.29729,-123.01416
CF427,CF427 (BI-9.A),2026-03-17 18:30:45.940000+00:00,14.096506,113,5.3367644654637765,deepest_5m,49.29729,-123.01416
CF427,CF427 (BI-9.A),2026-03-26 18:41:56.990000+00:00,16.008503,129,5.371735200072206,deepest_5m,49.29729,-123.01416
CF427,CF427 (BI-9.A),2026-04-13 17:46:56.270000+00:00,10.688871,86,6.610918755590599,deepest_5m,49.29729,-123.01416
CF427,CF427 (BI-9.A),2026-05-04 19:17:35.150000+00:00,14.274454,107,6.028437945024983,deepest_5m,49.29729,-123.01416
CF427,CF427 (BI-9.A),2026-06-09 19:59:49.770000+00:00,16.81283,129,5.1057455037726545,deepest_5m,49.29729,-123.01416
CF427,CF427 (BI-9.A),2026-06-25 19:14:25.740000+00:00,13.608159,95,5.868138859370309,deepest_5m,49.29729,-123.01416
CF428,CF428 (BI-11.A),2023-08-09 20:54:22.080000+00:00,33.24,739,5.08385680799474,deepest_5m,49.30352,-123.06683
CF428,CF428 (BI-11.A),2023-08-24 18:50:20.950000+00:00,18.4,145,6.367350059528361,deepest_5m,49.30352,-123.06683
CF428,CF428 (BI-11.A),2023-09-11 19:05:49.910000+00:00,27.59,218,4.812285415733693,deepest_5m,49.30352,-123.06683
CF428,CF428 (BI-11.A),2023-12-06 19:59:56.790000+00:00,26.13,223,5.478817733990148,deepest_5m,49.30352,-123.06683
CF428,CF428 (BI-11.A),2024-01-15 19:40:51.600000+00:00,28.81,230,6.500453569419087,deepest_5m,49.30352,-123.06683
CF428,CF428 (BI-11.A),2024-02-02 22:13:29.480000+00:00,29.1,241,6.137951863693645,deepest_5m,49.30352,-123.06683
CF428,CF428 (BI-11.A),2024-02-23 20:35:25.980000+00:00,30.11,241,6.513709644587387,deepest_5m,49.30352,-123.06683
CF428,CF428 (BI-11.A),2024-03-06 21:41:50.340000+00:00,26.31,200,6.742890729959695,deepest_5m,49.30352,-123.06683
CF428,CF428 (BI-11.A),2024-04-08 18:51:02.340000+00:00,28.87,232,7.627834547897246,deepest_5m,49.30352,-123.06683
CF428,CF428 (BI-11.A),2024-04-30 18:42:54.370000+00:00,25.31,206,6.881661442006271,deepest_5m,49.30352,-123.06683
CF428,CF428 (BI-11.A),2024-05-21 20:57:05.770000+00:00,26.15,220,6.677382551766788,deepest_5m,49.30352,-123.06683
CF428,CF428 (BI-11.A),2024-06-06 18:30:30.580000+00:00,29.25,223,5.928229220356744,deepest_5m,49.30352,-123.06683
CF428,CF428 (BI-11.A),2024-07-18 20:06:50.270000+00:00,20.23,156,6.639145887128282,deepest_5m,49.30352,-123.06683
CF428,CF428 (BI-11.A),2024-08-08 19:20:35.970000+00:00,21.99,169,5.267164777146629,deepest_5m,49.30352,-123.06683
CF428,CF428 (BI-11.A),2024-10-29 18:37:09.470000+00:00,28.538288,224,2.774146364488448,deepest_5m,49.30352,-123.06683
CF428,CF428 (BI-11.A),2024-11-08 20:20:28.790000+00:00,25.172226,190,4.116580628888866,deepest_5m,49.30352,-123.06683
CF428,CF428 (BI-11.A),2024-11-21 21:09:57.060000+00:00,26.684753,230,4.025425481628206,deepest_5m,49.30352,-123.06683
CF428,CF428 (BI-11.A),2025-01-09 22:04:57.590000+00:00,26.670635,215,4.951775761681691,deepest_5m,49.30352,-123.06683
CF428,CF428 (BI-11.A),2025-01-27 20:24:36.010000+00:00,28.897915,223,5.592760586961113,deepest_5m,49.30352,-123.06683
CF428,CF428 (BI-11.A),2025-03-10 18:35:07.050000+00:00,24.521292,202,5.39148560081428,deepest_5m,49.30352,-123.06683
CF428,CF428 (BI-11.A),2025-05-30 17:50:38.730000+00:00,22.84297,206,5.652873395326125,deepest_5m,49.30352,-123.06683
CF428,CF428 (BI-11.A),2025-06-19 17:58:12.130000+00:00,25.219658,203,4.610659217536298,deepest_5m,49.30352,-123.06683
CF428,CF428 (BI-11.A),2025-07-21 20:11:15.180000+00:00,20.724808,203,5.202778612560143,deepest_5m,49.30352,-123.06683
CF428,CF428 (BI-11.A),2025-08-18 19:42:22.520000+00:00,25.231277,204,4.0201037980586944,deepest_5m,49.30352,-123.06683
CF428,CF428 (BI-11.A),2025-09-12 18:27:21.080000+00:00,25.447989,197,3.8698921284365424,deepest_5m,49.30352,-123.06683
CF428,CF428 (BI-11.A),2025-10-02 19:42:09.440000+00:00,21.474283,160,3.51038074310492,deepest_5m,49.30352,-123.06683
CF428,CF428 (BI-11.A),2025-11-07 21:38:49.350000+00:00,27.810732,216,3.905041412216942,deepest_5m,49.30352,-123.06683
CF428,CF428 (BI-11.A),2025-12-09 22:06:53.250000+00:00,30.157587,243,4.403225141026599,deepest_5m,49.30352,-123.06683
CF428,CF428 (BI-11.A),2026-01-13 19:18:10.940000+00:00,26.193285,208,4.721833184403293,deepest_5m,49.30352,-123.06683
CF428,CF428 (BI-11.A),2026-02-09 19:52:52.290000+00:00,28.334427,232,4.550398655942393,deepest_5m,49.30352,-123.06683
CF428,CF428 (BI-11.A),2026-03-17 18:17:34.810000+00:00,20.327181,168,5.1322030937563525,deepest_5m,49.30352,-123.06683
CF428,CF428 (BI-11.A),2026-03-26 18:28:05.020000+00:00,27.095034,277,4.686081692845263,deepest_5m,49.30352,-123.06683
CF428,CF428 (BI-11.A),2026-04-13 17:37:20.690000+00:00,21.567072,179,5.532234550333359,deepest_5m,49.30352,-123.06683
CF428,CF428 (BI-11.A),2026-05-04 19:05:30.880000+00:00,24.28837,201,5.208308598727524,deepest_5m,49.30352,-123.06683
CF428,CF428 (BI-11.A),2026-06-09 19:13:56.070000+00:00,27.070717,212,4.329057860964297,deepest_5m,49.30352,-123.06683
CF428,CF428 (BI-11.A),2026-06-25 19:00:20+00:00,22.068104,175,4.482071673928143,deepest_5m,49.30352,-123.06683
CF429,CF429 (BI-12.A),2023-08-09 20:21:46.140000+00:00,31.65,240,5.726334420915702,deepest_5m,49.29317,-123.00213
CF429,CF429 (BI-12.A),2023-08-24 19:10:35.170000+00:00,27.8,221,5.9539194092325705,deepest_5m,49.29317,-123.00213
CF429,CF429 (BI-12.A),2023-09-11 19:30:16.960000+00:00,24.74,185,5.66485238899032,deepest_5m,49.29317,-123.00213
CF429,CF429 (BI-12.A),2023-12-06 20:27:28.210000+00:00,29.84,251,5.41316801015077,deepest_5m,49.29317,-123.00213
CF429,CF429 (BI-12.A),2024-02-02 22:00:28.240000+00:00,29.56,249,6.382571701162407,deepest_5m,49.29317,-123.00213
CF429,CF429 (BI-12.A),2024-02-23 21:04:49.190000+00:00,29.17,233,6.775481935866861,deepest_5m,49.29317,-123.00213
CF429,CF429 (BI-12.A),2024-03-06 21:26:54.660000+00:00,24.39,212,7.0453120547164465,deepest_5m,49.29317,-123.00213
CF429,CF429 (BI-12.A),2024-04-08 19:10:14.280000+00:00,28.43,224,7.465402553712059,deepest_5m,49.29317,-123.00213
CF429,CF429 (BI-12.A),2024-04-30 19:00:58.750000+00:00,30.72,369,6.71221108237294,deepest_5m,49.29317,-123.00213
CF429,CF429 (BI-12.A),2024-05-21 20:36:13.670000+00:00,26.11,219,7.0051239858777965,deepest_5m,49.29317,-123.00213
CF429,CF429 (BI-12.A),2024-06-06 18:55:45.820000+00:00,20.65,175,6.3507743259146645,deepest_5m,49.29317,-123.00213
CF429,CF429 (BI-12.A),2024-07-18 19:45:12.310000+00:00,34.24,335,6.390771706376617,deepest_5m,49.29317,-123.00213
CF429,CF429 (BI-12.A),2024-08-08 19:53:54.880000+00:00,27.26,212,5.303975717768821,deepest_5m,49.29317,-123.00213
CF429,CF429 (BI-12.A),2024-10-29 19:08:11.870000+00:00,34.312572,268,3.3007219825929113,deepest_5m,49.29317,-123.00213
CF429,CF429 (BI-12.A),2024-11-08 20:42:42.210000+00:00,22.629602,178,4.331075618155619,deepest_5m,49.29317,-123.00213
CF429,CF429 (BI-12.A),2024-11-21 20:48:36.410000+00:00,29.307878,246,4.2980490348251275,deepest_5m,49.29317,-123.00213
CF429,CF429 (BI-12.A),2025-01-09 21:44:07.570000+00:00,31.20207,249,5.000839266183389,deepest_5m,49.29317,-123.00213
CF429,CF429 (BI-12.A),2025-01-27 20:47:56.540000+00:00,33.035316,284,6.119935207158336,deepest_5m,49.29317,-123.00213
CF429,CF429 (BI-12.A),2025-03-10 18:51:02.970000+00:00,29.087173,237,5.233093896603894,deepest_5m,49.29317,-123.00213
CF429,CF429 (BI-12.A),2025-04-22 19:15:06.360000+00:00,31.901377,273,6.118470223149801,deepest_5m,49.29317,-123.00213
CF429,CF429 (BI-12.A),2025-05-30 18:00:41.720000+00:00,28.61421,234,6.0360221427969485,deepest_5m,49.29317,-123.00213
CF429,CF429 (BI-12.A),2025-06-19 18:10:33.320000+00:00,29.77055,222,5.238909824140472,deepest_5m,49.29317,-123.00213
CF429,CF429 (BI-12.A),2025-07-21 20:32:01.580000+00:00,35.325653,288,5.74344804759458,deepest_5m,49.29317,-123.00213
CF429,CF429 (BI-12.A),2025-08-18 20:02:55.120000+00:00,32.509159,252,4.613285462441294,deepest_5m,49.29317,-123.00213
CF429,CF429 (BI-12.A),2025-09-12 18:48:38.430000+00:00,26.46637,197,4.245019120154121,deepest_5m,49.29317,-123.00213
CF429,CF429 (BI-12.A),2025-10-02 19:21:41.010000+00:00,33.113281,255,3.864005989552614,deepest_5m,49.29317,-123.00213
CF429,CF429 (BI-12.A),2025-11-07 20:55:32.040000+00:00,30.304346,249,3.929517225076649,deepest_5m,49.29317,-123.00213
CF429,CF429 (BI-12.A),2025-12-09 21:44:15.210000+00:00,32.431896,261,4.522297148280169,deepest_5m,49.29317,-123.00213
CF429,CF429 (BI-12.A),2026-01-13 19:39:24.830000+00:00,23.35478,190,4.856604191885443,deepest_5m,49.29317,-123.00213
CF429,CF429 (BI-12.A),2026-02-09 20:11:41.530000+00:00,30.864483,249,4.795149678056971,deepest_5m,49.29317,-123.00213
CF429,CF429 (BI-12.A),2026-03-17 18:38:11.440000+00:00,27.391428,226,5.391677637213699,deepest_5m,49.29317,-123.00213
CF429,CF429 (BI-12.A),2026-03-26 18:50:30.120000+00:00,29.727386,243,5.023876459889453,deepest_5m,49.29317,-123.00213
CF429,CF429 (BI-12.A),2026-04-13 17:56:42.160000+00:00,33.324459,270,6.183248627764059,deepest_5m,49.29317,-123.00213
CF429,CF429 (BI-12.A),2026-05-04 19:25:07.800000+00:00,30.25474,252,5.55548247437896,deepest_5m,49.29317,-123.00213
CF429,CF429 (BI-12.A),2026-06-09 20:09:50.570000+00:00,31.254364,253,4.8789399266416265,deepest_5m,49.29317,-123.00213
CF429,CF429 (BI-12.A),2026-06-25 19:24:35.890000+00:00,32.784611,259,5.629547391229702,deepest_5m,49.29317,-123.00213
CF430,CF430 (BI-14.A),2023-08-09 21:55:13.940000+00:00,74.48,1164,4.526561800268698,deepest_5m,49.3081,-123.2423
CF430,CF430 (BI-14.A),2023-08-24 17:45:18.500000+00:00,56.15,556,4.571648260652816,deepest_5m,49.3081,-123.2423
CF430,CF430 (BI-14.A),2023-09-11 17:59:05.530000+00:00,63.11,533,3.833407971339005,deepest_5m,49.3081,-123.2423
CF430,CF430 (BI-14.A),2023-12-06 18:46:57.780000+00:00,63.86,561,4.912266416968611,deepest_5m,49.3081,-123.2423
CF430,CF430 (BI-14.A),2024-01-15 18:43:04.510000+00:00,65.77,567,5.941138602776534,deepest_5m,49.3081,-123.2423
CF430,CF430 (BI-14.A),2024-02-23 19:03:53.120000+00:00,68.72,614,5.997696884396392,deepest_5m,49.3081,-123.2423
CF430,CF430 (BI-14.A),2024-04-08 18:03:39.920000+00:00,69.24,589,6.155807598453624,deepest_5m,49.3081,-123.2423
CF430,CF430 (BI-14.A),2024-04-30 18:02:28.170000+00:00,51.3,535,5.579158472711695,deepest_5m,49.3081,-123.2423
CF430,CF430 (BI-14.A),2024-05-21 21:44:17.570000+00:00,51.41,412,5.647384575054887,deepest_5m,49.3081,-123.2423
CF430,CF430 (BI-14.A),2024-06-06 17:26:37.540000+00:00,62.84,660,5.007003268191824,deepest_5m,49.3081,-123.2423
CF430,CF430 (BI-14.A),2024-07-18 21:07:09.610000+00:00,47.52,497,4.802288687101599,deepest_5m,49.3081,-123.2423
CF430,CF430 (BI-14.A),2024-08-08 18:19:37.260000+00:00,55.16,440,4.16240535727304,deepest_5m,49.3081,-123.2423
CF430,CF430 (BI-14.A),2024-10-29 17:37:52.170000+00:00,60.934521,525,2.7391031699463375,deepest_5m,49.3081,-123.2423
CF430,CF430 (BI-14.A),2024-11-08 18:20:32.390000+00:00,52.71994,441,2.92875285959581,deepest_5m,49.3081,-123.2423
CF430,CF430 (BI-14.A),2024-11-21 21:48:20.060000+00:00,69.070518,590,3.4433555029635885,deepest_5m,49.3081,-123.2423
CF430,CF430 (BI-14.A),2025-01-09 22:51:51.380000+00:00,51.183079,427,4.965145025105025,deepest_5m,49.3081,-123.2423
CF430,CF430 (BI-14.A),2025-01-27 19:15:30.190000+00:00,67.086121,568,4.642013755754863,deepest_5m,49.3081,-123.2423
CF430,CF430 (BI-14.A),2025-03-10 17:47:40.190000+00:00,67.537712,593,4.14063514607416,deepest_5m,49.3081,-123.2423
CF430,CF430 (BI-14.A),2025-04-22 17:59:09.130000+00:00,62.001705,520,5.359274629749621,deepest_5m,49.3081,-123.2423
CF430,CF430 (BI-14.A),2025-05-13 18:12:03.500000+00:00,31.697155,334,5.2515730769734486,deepest_5m,49.3081,-123.2423
CF430,CF430 (BI-14.A),2025-05-30 17:16:10.630000+00:00,63.958672,540,4.165167929115116,deepest_5m,49.3081,-123.2423
CF430,CF430 (BI-14.A),2025-06-19 17:16:54.260000+00:00,61.889961,507,3.5724703996741116,deepest_5m,49.3081,-123.2423
CF430,CF430 (BI-14.A),2025-08-18 17:44:28.050000+00:00,66.142921,552,2.9345313025177675,deepest_5m,49.3081,-123.2423
CF430,CF430 (BI-14.A),2025-09-12 17:48:49.950000+00:00,65.570328,544,2.7769842696797986,deepest_5m,49.3081,-123.2423
CF430,CF430 (BI-14.A),2025-10-02 21:00:46.570000+00:00,69.94767,608,2.4929231235119165,deepest_5m,49.3081,-123.2423
CF430,CF430 (BI-14.A),2025-11-07 22:33:34.620000+00:00,32.638844,267,3.0247497347924197,deepest_5m,49.3081,-123.2423
CF430,CF430 (BI-14.A),2025-12-09 22:46:43.590000+00:00,67.2313,571,3.958688271645763,deepest_5m,49.3081,-123.2423
CF430,CF430 (BI-14.A),2026-02-09 18:51:24.890000+00:00,70.305428,681,4.10947023788745,deepest_5m,49.3081,-123.2423
CF430,CF430 (BI-14.A),2026-03-17 17:42:45.890000+00:00,55.030407,482,4.812665209963346,deepest_5m,49.3081,-123.2423
CF430,CF430 (BI-14.A),2026-03-26 17:38:47.180000+00:00,67.358963,592,4.4962729899972675,deepest_5m,49.3081,-123.2423
CF430,CF430 (BI-14.A),2026-05-04 18:21:28.290000+00:00,64.4422,579,4.288239868734368,deepest_5m,49.3081,-123.2423
CF430,CF430 (BI-14.A),2026-06-09 18:28:36.200000+00:00,66.620239,588,3.8010331589832185,deepest_5m,49.3081,-123.2423
CF430,CF430 (BI-14.A),2026-06-25 18:17:48.090000+00:00,66.808067,596,3.494535168302991,deepest_5m,49.3081,-123.2423
CF431,CF431 (BI-15.A),2023-08-09 22:17:01.850000+00:00,10.27,80,6.062596407423995,deepest_5m,49.28134,-123.15422
CF431,CF431 (BI-15.A),2023-08-24 18:08:17.580000+00:00,4.22,42,6.974388501482098,deepest_5m,49.28134,-123.15422
CF431,CF431 (BI-15.A),2023-09-11 17:38:46.530000+00:00,3.6,31,7.732762232206061,deepest_5m,49.28134,-123.15422
CF431,CF431 (BI-15.A),2023-12-06 19:09:15.580000+00:00,6.82,54,6.943307103405627,deepest_5m,49.28134,-123.15422
CF431,CF431 (BI-15.A),2024-01-15 19:03:01.840000+00:00,8.63,60,7.816551264827128,deepest_5m,49.28134,-123.15422
CF431,CF431 (BI-15.A),2024-02-23 19:26:53.240000+00:00,7.88,68,7.144090954787649,deepest_5m,49.28134,-123.15422
CF431,CF431 (BI-15.A),2024-04-08 18:21:21.980000+00:00,4.44,37,10.086358189806466,deepest_5m,49.28134,-123.15422
CF431,CF431 (BI-15.A),2024-04-30 18:18:56.870000+00:00,6.49,51,8.73061108170826,deepest_5m,49.28134,-123.15422
CF431,CF431 (BI-15.A),2024-05-21 22:06:37.870000+00:00,7.11,61,8.742130080872476,deepest_5m,49.28134,-123.15422
CF431,CF431 (BI-15.A),2024-06-06 17:46:25.030000+00:00,4.25,37,9.112453250384288,deepest_5m,49.28134,-123.15422
CF431,CF431 (BI-15.A),2024-07-18 21:27:56.470000+00:00,6.27,57,6.932927189921335,deepest_5m,49.28134,-123.15422
CF431,CF431 (BI-15.A),2024-08-08 18:39:47.930000+00:00,7.23,49,7.3460296509298315,deepest_5m,49.28134,-123.15422
CF431,CF431 (BI-15.A),2024-10-29 18:03:03.140000+00:00,3.499255,38,6.706233767457973,deepest_5m,49.28134,-123.15422
CF431,CF431 (BI-15.A),2024-11-08 18:41:07.140000+00:00,7.226299,55,5.355915166761493,deepest_5m,49.28134,-123.15422
CF431,CF431 (BI-15.A),2024-11-21 22:06:39.680000+00:00,6.2398,56,5.236312898071202,deepest_5m,49.28134,-123.15422
CF431,CF431 (BI-15.A),2025-01-09 23:10:59.720000+00:00,6.279563,56,6.401123848814238,deepest_5m,49.28134,-123.15422
CF431,CF431 (BI-15.A),2025-01-27 19:37:04.450000+00:00,6.15278,53,6.041904395380382,deepest_5m,49.28134,-123.15422
CF431,CF431 (BI-15.A),2025-03-10 17:33:03.880000+00:00,6.705818,53,6.696111329682864,deepest_5m,49.28134,-123.15422
CF431,CF431 (BI-15.A),2025-04-22 18:19:24.730000+00:00,5.965362,59,7.327320404821223,deepest_5m,49.28134,-123.15422
CF431,CF431 (BI-15.A),2025-05-30 17:01:33.550000+00:00,5.178406,42,8.37403359245319,deepest_5m,49.28134,-123.15422
CF431,CF431 (BI-15.A),2025-06-19 16:59:39.100000+00:00,6.049591,48,6.926341030718981,deepest_5m,49.28134,-123.15422
CF431,CF431 (BI-15.A),2025-07-21 19:37:12.310000+00:00,5.004695,45,6.922286300012359,deepest_5m,49.28134,-123.15422
CF431,CF431 (BI-15.A),2025-08-18 18:09:25.250000+00:00,7.43607,56,5.7210245518873615,deepest_5m,49.28134,-123.15422
CF431,CF431 (BI-15.A),2025-09-12 17:23:03.890000+00:00,9.123302,135,3.847090785984586,deepest_5m,49.28134,-123.15422
CF431,CF431 (BI-15.A),2025-10-02 20:33:29.110000+00:00,8.277506,64,4.4525743744658675,deepest_5m,49.28134,-123.15422
CF431,CF431 (BI-15.A),2025-11-07 22:19:17.860000+00:00,7.435479,59,6.3354655641536395,deepest_5m,49.28134,-123.15422
CF431,CF431 (BI-15.A),2025-12-09 23:06:07.180000+00:00,7.364258,62,4.781389093276369,deepest_5m,49.28134,-123.15422
CF431,CF431 (BI-15.A),2026-01-13 18:49:59.790000+00:00,6.845133,51,6.619150840755512,deepest_5m,49.28134,-123.15422
CF431,CF431 (BI-15.A),2026-02-09 19:11:30.010000+00:00,7.6146,72,5.447802648732487,deepest_5m,49.28134,-123.15422
CF431,CF431 (BI-15.A),2026-03-17 17:26:24.690000+00:00,6.173624,54,5.207543211850375,deepest_5m,49.28134,-123.15422
CF431,CF431 (BI-15.A),2026-03-26 17:57:01.940000+00:00,7.833191,68,6.165123674484454,deepest_5m,49.28134,-123.15422
CF431,CF431 (BI-15.A),2026-05-04 18:39:31.790000+00:00,5.098687,40,6.625217424223163,deepest_5m,49.28134,-123.15422
CF431,CF431 (BI-15.A),2026-06-09 18:47:41.420000+00:00,6.606412,56,6.609944147204049,deepest_5m,49.28134,-123.15422
CF454,CF454 (BI-17),2024-08-08 20:25:42.040000+00:00,5.32,49,7.616778014385332,deepest_5m,49.304747,-122.947951
CF454,CF454 (BI-17),2024-10-29 19:54:20.890000+00:00,6.648435,54,5.355035530316604,deepest_5m,49.304747,-122.947951
CF454,CF454 (BI-17),2024-11-08 21:02:27.090000+00:00,3.374826,36,5.567816921294187,deepest_5m,49.304747,-122.947951
CF454,CF454 (BI-17),2024-11-21 20:22:52.540000+00:00,11.352931,91,4.1079051939982065,deepest_5m,49.304747,-122.947951
CF454,CF454 (BI-17),2024-12-04 21:10:19.030000+00:00,18.663679,158,4.350483112968417,deepest_5m,49.304747,-122.947951
CF454,CF454 (BI-17),2025-01-09 21:13:41.610000+00:00,8.713062,65,4.89448565753774,deepest_5m,49.304747,-122.947951
CF454,CF454 (BI-17),2025-03-10 19:08:16.030000+00:00,13.230669,108,5.226760085698141,deepest_5m,49.304747,-122.947951
CF454,CF454 (BI-17),2025-05-30 18:26:24.490000+00:00,13.811055,97,6.37325805579324,deepest_5m,49.304747,-122.947951
CF454,CF454 (BI-17),2025-08-18 21:39:29.730000+00:00,12.505849,113,4.930196978341161,deepest_5m,49.304747,-122.947951
CF454,CF454 (BI-17),2025-10-02 19:01:10.550000+00:00,4.398504,42,6.261950651061491,deepest_5m,49.304747,-122.947951
CF454,CF454 (BI-17),2025-11-07 20:32:16.060000+00:00,6.221193,46,4.653982009412609,deepest_5m,49.304747,-122.947951
CF454,CF454 (BI-17),2025-12-09 21:16:51.100000+00:00,7.157415,57,4.425289000586014,deepest_5m,49.304747,-122.947951
CF454,CF454 (BI-17),2026-03-17 19:02:24.520000+00:00,6.623594,65,5.468080496869536,deepest_5m,49.304747,-122.947951
CF454,CF454 (BI-17),2026-03-26 19:11:00.520000+00:00,3.749856,31,6.530807105909823,deepest_5m,49.304747,-122.947951
CF454,CF454 (BI-17),2026-05-04 19:47:21.680000+00:00,4.937999,39,8.362482908701903,deepest_5m,49.304747,-122.947951
CF454,CF454 (BI-17),2026-06-09 20:31:40.860000+00:00,6.757498,48,6.945688408585388,deepest_5m,49.304747,-122.947951
CF454,CF454 (BI-17),2026-06-25 19:59:33.610000+00:00,6.983259,51,7.8573923155813485,deepest_5m,49.304747,-122.947951
CF467,CF467 (BI-2.A),2023-08-09 17:52:30.240000+00:00,74.03,1099,4.080874425702013,deepest_5m,49.43016,-122.86129
CF467,CF467 (BI-2.A),2023-08-24 21:11:59.950000+00:00,92.21,820,3.6442209827789758,deepest_5m,49.43016,-122.86129
CF467,CF467 (BI-2.A),2023-12-06 22:52:48.290000+00:00,119.34,1131,2.1066677963229687,deepest_5m,49.43016,-122.86129
CF467,CF467 (BI-2.A),2024-01-15 22:45:31.090000+00:00,91.51,810,2.220779220779221,deepest_5m,49.43016,-122.86129
CF467,CF467 (BI-2.A),2024-02-02 19:14:00.390000+00:00,115.27,1120,1.9248558553515456,deepest_5m,49.43016,-122.86129
CF467,CF467 (BI-2.A),2024-02-23 22:53:07.550000+00:00,106.09,966,1.7827416341090538,deepest_5m,49.43016,-122.86129
CF467,CF467 (BI-2.A),2024-03-06 19:15:04.780000+00:00,34.73,239,5.328438985812426,deepest_5m,49.43016,-122.86129
CF467,CF467 (BI-2.A),2024-04-08 21:56:12.560000+00:00,118.88,1709,1.3693586107379205,deepest_5m,49.43016,-122.86129
CF467,CF467 (BI-2.A),2024-04-30 20:47:04.790000+00:00,81.08,708,2.7012613822958644,deepest_5m,49.43016,-122.86129
CF467,CF467 (BI-2.A),2024-05-21 18:39:56.390000+00:00,95.05,855,1.6611405835543769,deepest_5m,49.43016,-122.86129
CF467,CF467 (BI-2.A),2024-06-06 22:08:32+00:00,86.19,785,2.112002550342703,deepest_5m,49.43016,-122.86129
CF467,CF467 (BI-2.A),2024-07-18 17:30:49.940000+00:00,116.23,1119,0.9659383334113135,deepest_5m,49.43016,-122.86129
CF467,CF467 (BI-2.A),2024-08-08 22:11:28.700000+00:00,118.71,1110,0.8903305455029593,deepest_5m,49.43016,-122.86129
CF467,CF467 (BI-2.A),2024-10-29 22:11:52.860000+00:00,101.651115,915,0.6495160053833717,deepest_5m,49.43016,-122.86129
CF467,CF467 (BI-2.A),2024-11-08 22:28:22.080000+00:00,121.068329,1176,0.45942115580263443,deepest_5m,49.43016,-122.86129
CF467,CF467 (BI-2.A),2024-11-21 18:17:32.240000+00:00,122.553398,1234,0.347738170910172,deepest_5m,49.43016,-122.86129
CF467,CF467 (BI-2.A),2024-12-04 18:54:24.530000+00:00,117.001549,1151,0.4919903741606503,deepest_5m,49.43016,-122.86129
CF467,CF467 (BI-2.A),2025-01-09 18:40:57.760000+00:00,117.703339,1160,0.27472905731584324,deepest_5m,49.43016,-122.86129
CF467,CF467 (BI-2.A),2025-01-27 23:26:28.810000+00:00,119.786949,1148,0.17540286254089266,deepest_5m,49.43016,-122.86129
CF467,CF467 (BI-2.A),2025-03-10 21:00:25.940000+00:00,124.652016,1248,1.200284371424967,deepest_5m,49.43016,-122.86129
CF467,CF467 (BI-2.A),2025-04-22 21:14:55.430000+00:00,119.412369,1176,2.551638225598976,deepest_5m,49.43016,-122.86129
CF467,CF467 (BI-2.A),2025-05-30 20:59:52.850000+00:00,113.387268,1073,2.363165463567871,deepest_5m,49.43016,-122.86129
CF467,CF467 (BI-2.A),2025-06-19 20:30:57.440000+00:00,123.327011,1206,2.1064750192144404,deepest_5m,49.43016,-122.86129
CF467,CF467 (BI-2.A),2025-07-21 23:05:05.610000+00:00,118.697464,1103,1.8323640712573463,deepest_5m,49.43016,-122.86129
CF467,CF467 (BI-2.A),2025-08-18 22:45:04.390000+00:00,121.807693,1196,1.651919474323741,deepest_5m,49.43016,-122.86129
CF467,CF467 (BI-2.A),2025-09-12 21:17:38.160000+00:00,124.039124,1235,1.4825600012559905,deepest_5m,49.43016,-122.86129
CF467,CF467 (BI-2.A),2025-10-02 17:08:23.990000+00:00,117.654175,1225,1.3317559674343253,deepest_5m,49.43016,-122.86129
CF467,CF467 (BI-2.A),2025-10-29 17:25:13.720000+00:00,118.718834,468,2.5618003582624276,cast_min,49.43016,-122.86129
CF467,CF467 (BI-2.A),2025-11-07 18:18:02.240000+00:00,118.821167,1166,1.0883131385707974,deepest_5m,49.43016,-122.86129
CF467,CF467 (BI-2.A),2025-12-09 18:24:51.410000+00:00,120.510498,1250,0.9546543976012054,deepest_5m,49.43016,-122.86129
CF467,CF467 (BI-2.A),2026-01-13 22:21:19.550000+00:00,119.310799,1182,0.8354259004700539,deepest_5m,49.43016,-122.86129
CF467,CF467 (BI-2.A),2026-02-09 22:13:37.920000+00:00,118.216911,1168,0.7876484976197945,deepest_5m,49.43016,-122.86129
CF467,CF467 (BI-2.A),2026-03-17 20:49:54.090000+00:00,119.723686,1263,0.706591554433544,deepest_5m,49.43016,-122.86129
CF467,CF467 (BI-2.A),2026-03-26 21:23:41.820000+00:00,118.322617,1156,0.666698049884758,deepest_5m,49.43016,-122.86129
CF467,CF467 (BI-2.A),2026-04-13 19:37:27.530000+00:00,117.646362,1132,0.5642416970744223,deepest_5m,49.43016,-122.86129
CF467,CF467 (BI-2.A),2026-05-04 21:16:49.360000+00:00,117.071693,1110,0.6168762052575042,deepest_5m,49.43016,-122.86129
CF467,CF467 (BI-2.A),2026-06-09 21:49:01.120000+00:00,120.280991,1144,0.4929370132468341,deepest_5m,49.43016,-122.86129
CF467,CF467 (BI-2.A),2026-06-25 22:19:08.820000+00:00,119.312286,1196,0.4154857459463275,deepest_5m,49.43016,-122.86129
CF581,CF581 (BF-2),2024-08-10 22:14:59.590000+00:00,86.36,740,1.2095644634162617,deepest_5m,48.849025,-125.141288
CF582,CF582 (BF-3),2024-08-10 21:41:06.650000+00:00,107.87,857,1.25958631885356,deepest_5m,48.85168,-125.145891
CF582,CF582 (BF-3),2024-08-20 05:49:26.700000+00:00,102.31,893,1.0438559035190953,deepest_5m,48.85168,-125.145891
CF582,CF582 (BF-3),2025-08-09 22:05:47.180000+00:00,77.712952,1287,0.7349246779134979,deepest_5m,48.85168,-125.145891
CF582,CF582 (BF-3),2025-08-12 15:58:22.340000+00:00,105.186134,2211,0.6787164573058533,deepest_5m,48.85168,-125.145891
CF583,CF583 (BF-4),2024-08-09 23:05:27.630000+00:00,111.37,2087,1.2603495141586567,deepest_5m,48.854759,-125.151488
CF584,CF584 (BF-5),2024-08-09 21:46:37.760000+00:00,87.12,1094,1.4072767485856863,deepest_5m,48.85752,-125.15642
CF584,CF584 (BF-5),2024-08-10 22:34:15.760000+00:00,58.572056,990,1.254788648508462,deepest_5m,48.85752,-125.15642
CF584,CF584 (BF-5),2025-08-09 21:24:02.910000+00:00,80.513931,1691,0.892477515217081,deepest_5m,48.85752,-125.15642
CF584,CF584 (BF-5),2025-08-20 18:03:26.940000+00:00,5.806059,73,8.461953518739517,deepest_5m,48.85752,-125.15642
CF585,CF585 (BF-6),2024-08-08 23:09:32.840000+00:00,40.18,1077,4.384602027107306,deepest_5m,48.839432,-125.144221
CF585,CF585 (BF-6),2024-08-09 22:00:20.180000+00:00,23.36359,540,4.667052746950141,deepest_5m,48.839432,-125.144221
CF585,CF585 (BF-6),2024-08-20 23:04:04.800000+00:00,31.91,161,7.78133196852409,deepest_5m,48.839432,-125.144221
CF585,CF585 (BF-6),2025-08-07 23:06:06.460000+00:00,35.773396,623,2.831528451662948,deepest_5m,48.839432,-125.144221
CF586,CF586 (BF-7),2024-08-09 22:39:33.470000+00:00,57.172096,1214,1.7208602951886431,deepest_5m,48.84245,-125.150042
CF586,CF586 (BF-7),2024-08-20 22:52:55.690000+00:00,88.04,488,1.0658965780669636,deepest_5m,48.84245,-125.150042
CF586,CF586 (BF-7),2025-08-07 22:47:13.220000+00:00,89.312614,1405,0.6312593797593339,deepest_5m,48.84245,-125.150042
CF586,CF586 (BF-7),2025-08-11 22:18:45.920000+00:00,72.012032,1123,0.8011121545975555,deepest_5m,48.84245,-125.150042
CF587,CF587 (BF-8),2024-08-09 23:00:30.770000+00:00,59.232471,555,1.6130704526005042,deepest_5m,48.84524,-125.155387
CF587,CF587 (BF-8),2024-08-20 22:40:01.360000+00:00,104.53,574,1.0424157123664515,deepest_5m,48.84524,-125.155387
CF587,CF587 (BF-8),2025-08-07 22:08:55.040000+00:00,99.746346,1929,0.7021322178409617,deepest_5m,48.84524,-125.155387
CF587,CF587 (BF-8),2025-08-19 23:06:44.510000+00:00,101.003738,1213,0.5665376302575501,deepest_5m,48.84524,-125.155387
CF588,CF588 (BF-9),2024-08-10 22:00:00.460000+00:00,57.146099,1208,1.6734071347018469,deepest_5m,48.848185,-125.160997
CF588,CF588 (BF-9),2024-08-20 22:26:13.140000+00:00,46.53,245,4.386055754590237,deepest_5m,48.848185,-125.160997
CF588,CF588 (BF-9),2025-08-07 21:30:25.130000+00:00,90.838531,1502,0.681240316761475,deepest_5m,48.848185,-125.160997
CF588,CF588 (BF-9),2025-08-11 21:32:27.350000+00:00,80.321327,778,0.7186714709568648,deepest_5m,48.848185,-125.160997
