site_code,region,lat,lon,minDepth,maxDepth,final_tier,record_status,site_name,data_kind,n_obs,n_summer_obs,first,last,o2_min,o2_p10,o2_median,pct_below_hypoxic,pct_below_at_risk,class_worst_case,class_exposure,class_typical,djf_n,djf_p10,djf_median,djf_class,mam_n,mam_p10,mam_median,mam_class,jja_n,jja_p10,jja_median,jja_class,son_n,son_p10,son_median,son_class,confidence,station_depth_m
CF001,Salish Sea,49.4593,-122.8768,,,cf_visit,ended 2026,CF001 (BI-1),visit_casts,87,37,2019-01-25 19:58:00.970000+00:00,2026-06-25 22:34:14.430000+00:00,1.0333230697056335,1.3096223565375436,2.823063143752799,11.494252873563218,49.42528735632184,hypoxic,hypoxic,good,20,1.2995290898266423,2.4933422968177625,hypoxic,23,1.4800124105396684,2.598133745213267,at_risk,20,1.828381152408532,3.978033189972032,at_risk,24,1.4896664296865638,2.8706324480294443,at_risk,high,70.8
CF005,Salish Sea,49.3431,-122.9052,,,cf_visit,ended 2026,CF005 (BI-5),visit_casts,88,39,2019-01-25 21:17:58.750000+00:00,2026-06-25 21:35:34.400000+00:00,1.1793465674200114,2.3208849776857083,4.404283914794071,3.4090909090909087,14.772727272727273,hypoxic,at_risk,good,21,2.640904953950469,4.603622431208638,at_risk,21,2.4129530336080216,5.256708090759815,at_risk,22,2.7502361309990224,4.814178009820768,at_risk,24,2.2376019653994708,4.153756901405804,at_risk,high,64.4
CF006,Salish Sea,49.31353,-122.9363,,,cf_visit,ended 2026,CF006 (BI-6),visit_casts,69,28,2019-01-25 21:31:33.360000+00:00,2026-06-25 21:06:59.940000+00:00,3.457015448964308,4.19465061321563,5.355502556785637,0.0,0.0,good,good,good,18,4.374883605088805,5.227376396271403,good,15,4.841357109548453,6.52513434841021,good,14,4.944818788104232,5.950546209767644,good,22,3.9082015278550783,4.5168695800522745,good,high,27.7
CF010,Salish Sea,49.30028,-123.1099,,,cf_visit,ended 2026,CF010 (BI-10),visit_casts,86,34,2019-01-25 23:38:38.360000+00:00,2026-06-25 18:48:59.090000+00:00,3.834066063998501,4.643595737430932,6.12325741409226,0.0,0.0,good,good,good,17,4.895770329282538,6.234570027673477,good,28,5.467248990681552,6.709574190177639,good,22,5.298454010928383,6.15409614058316,good,19,4.109204464992753,4.890490423770297,good,high,18.8
CF016,Salish Sea,49.31722,-123.1761,,,cf_visit,ended 2026,CF016 (BI-16),visit_casts,76,30,2019-01-31 21:46:03.230000+00:00,2026-06-25 18:35:14.580000+00:00,2.564015958323249,3.659768545747095,4.619465557756964,0.0,3.9473684210526314,at_risk,good,good,15,3.990956827827273,4.879849774050402,good,24,4.331524095156946,5.718958563786149,good,18,3.767819002436567,4.490322590102488,good,19,2.7366366801607342,3.909382518043305,at_risk,high,40.8
CF031,Salish Sea,48.64803,-123.392062,,,cf_visit,ended 2026,CF031 (ONC Haro Strait Testing Site),visit_casts,16,7,2020-01-21 23:16:59.980000+00:00,2026-05-14 20:48:36.990000+00:00,4.266794281312259,5.077986940384863,6.561094248051959,0.0,0.0,good,good,good,2,,,unclassified,6,6.26543924425419,6.752469122610744,good,3,6.395879229161505,6.577653176613971,good,5,4.499711963237396,5.306885394644626,good,medium,7.3
CF119,Salish Sea,48.622864,-123.498614,,,cf_visit,ended 2026,CF119 (BPS),visit_casts,6,3,2020-07-08 17:53:28.440000+00:00,2026-06-18 21:30:53.160000+00:00,0.0,0.02910882221227049,0.11319597471099724,66.66666666666666,83.33333333333334,anoxic,anoxic,hypoxic,2,,,unclassified,1,,,unclassified,3,0.30383917118064446,1.5191958559032221,hypoxic,0,,,unclassified,low,153.8
CF141,Salish Sea,48.42533,-123.37189,,,cf_visit,ended 2025,CF141 (GVHA10),visit_casts,1,1,2025-06-13 18:06:53.630000+00:00,2025-06-13 18:06:53.630000+00:00,6.771849863988292,6.771849863988292,6.771849863988292,0.0,0.0,good,good,good,0,,,unclassified,0,,,unclassified,1,,,unclassified,0,,,unclassified,low,7.5
CF226,Salish Sea,49.298243,-122.878294,,,cf_visit,ended 2026,CF226 (BI-7),visit_casts,85,34,2019-01-25 21:49:59.440000+00:00,2026-06-25 20:14:30.780000+00:00,3.774238869873533,4.578881987577639,7.183942761328488,0.0,0.0,good,good,good,19,4.337593411056445,6.121169470923166,good,23,6.4609581101320614,8.882341376033553,good,21,6.25444338166418,7.867189658968594,good,22,4.097794625445292,5.575760606897996,good,high,7.8
CF361,Salish Sea,49.487083,-124.769333,,,cf_visit,ended 2026,CF361 (BSM-1),visit_casts,3,2,2024-07-30 17:40:24.260000+00:00,2026-04-27 22:31:34.880000+00:00,5.0111687232584625,5.039758951724902,5.154119865590661,0.0,0.0,good,good,good,0,,,unclassified,1,,,unclassified,2,,,unclassified,0,,,unclassified,low,47.4
CF425,Salish Sea,49.37563,-122.87185,,,cf_visit,ended 2026,CF425 (BI-3.A),visit_casts,38,14,2023-08-09 18:20:23.570000+00:00,2026-06-25 21:53:36.440000+00:00,0.0,0.050401554263810315,1.0790946418993719,60.526315789473685,81.57894736842105,anoxic,anoxic,hypoxic,10,0.0,1.4147019473541271,anoxic,11,0.5207763352108554,0.9841687458682532,hypoxic,10,0.23790547862288758,1.3678106562418786,hypoxic,7,0.030182355006836532,0.981064595064947,anoxic,high,167.6
CF426,Salish Sea,49.30486,-122.98274,,,cf_visit,ended 2026,CF426 (BI-8.A),visit_casts,37,14,2023-08-09 19:48:34.190000+00:00,2026-06-25 19:48:16.360000+00:00,3.3423641554424295,4.220486039162043,5.3560655349855075,0.0,0.0,good,good,good,10,4.505271274477036,5.109129490391669,good,11,5.095212504361768,6.268468646303062,good,10,4.89129367085689,5.491740875008039,good,6,3.5878885712062942,4.022165761259327,good,high,27.7
CF427,Salish Sea,49.29729,-123.01416,,,cf_visit,ended 2026,CF427 (BI-9.A),visit_casts,35,14,2023-08-09 20:32:57.480000+00:00,2026-06-25 19:14:25.740000+00:00,3.85256084242491,4.278147342535715,5.796675894638277,0.0,0.0,good,good,good,8,4.851306059560265,5.526898256769655,good,10,5.368238126611363,6.394759267913415,good,10,5.052792893533107,5.83880541285979,good,7,3.9624968159336804,4.277120386960839,good,high,14.8
CF428,Salish Sea,49.30352,-123.06683,,,cf_visit,ended 2026,CF428 (BI-11.A),visit_casts,36,14,2023-08-09 20:54:22.080000+00:00,2026-06-25 19:00:20+00:00,2.774146364488448,3.9625726051378183,5.167490853158248,0.0,2.7777777777777777,at_risk,good,good,9,4.520963952959234,5.478817733990148,good,10,5.087590953665243,5.592553972829743,good,10,4.2981624546737365,5.143317710277442,good,7,3.2158869916583313,3.905041412216942,good,high,26.2
CF429,Salish Sea,49.29317,-123.00213,,,cf_visit,ended 2026,CF429 (BI-12.A),visit_casts,36,14,2023-08-09 20:21:46.140000+00:00,2026-06-25 19:24:35.890000+00:00,3.3007219825929113,4.271534077489624,5.484325242264864,0.0,0.0,good,good,good,8,4.71329391912393,5.2070036381670795,good,11,5.233093896603894,6.118470223149801,good,10,4.852374480221593,5.677940906072702,good,7,3.6386923867687333,4.245019120154121,good,high,29.8
CF430,Salish Sea,49.3081,-123.2423,,,cf_visit,ended 2026,CF430 (BI-14.A),visit_casts,33,13,2023-08-09 21:55:13.940000+00:00,2026-06-25 18:17:48.090000+00:00,2.4929231235119165,2.9299085481802014,4.288239868734368,0.0,9.090909090909092,at_risk,good,good,7,4.0491574513907755,4.912266416968611,good,10,4.16271465081102,5.032119143468398,good,9,3.3825343951459463,4.16240535727304,good,7,2.640631151372569,2.92875285959581,at_risk,high,64.0
CF431,Salish Sea,49.28134,-123.15422,,,cf_visit,ended 2026,CF431 (BI-15.A),visit_casts,33,13,2023-08-09 22:17:01.850000+00:00,2026-06-09 18:47:41.420000+00:00,3.847090785984586,5.21329714909454,6.696111329682864,0.0,0.0,good,good,good,8,5.247878582095652,6.510137344784875,good,9,5.973607581957639,7.327320404821223,good,9,5.994282036316668,6.926341030718981,good,7,4.210380939073355,5.355915166761493,good,high,6.6
CF454,Salish Sea,49.304747,-122.947951,,,cf_visit,ended 2026,CF454 (BI-17),visit_casts,17,6,2024-08-08 20:25:42.040000+00:00,2026-06-25 19:59:33.610000+00:00,4.1079051939982065,4.395366645538975,5.468080496869536,0.0,0.0,good,good,good,3,4.365444290491936,4.425289000586014,good,5,5.323288250166699,6.37325805579324,good,4,5.53484440741443,7.28123321148536,good,5,4.3263359201639675,5.355035530316604,good,medium,6.8
CF467,Salish Sea,49.43016,-122.86129,,,cf_visit,ended 2026,CF467 (BI-2.A),visit_casts,38,14,2023-08-09 17:52:30.240000+00:00,2026-06-25 22:19:08.820000+00:00,0.17540286254089266,0.44624053284574233,1.266020169429646,55.26315789473685,92.10526315789474,hypoxic,hypoxic,hypoxic,10,0.26479643783834816,0.8950401490356297,hypoxic,11,0.6168762052575042,1.3693586107379205,hypoxic,10,0.4851918865167834,1.7421417727905437,hypoxic,7,0.4147479618456495,1.0883131385707974,hypoxic,high,118.5
CF581,west coast VI,48.849025,-125.141288,,,cf_visit,ended 2026,CF581 (BF-2),visit_casts,1,1,2024-08-10 22:14:59.590000+00:00,2024-08-10 22:14:59.590000+00:00,1.2095644634162617,1.2095644634162617,1.2095644634162617,100.0,100.0,hypoxic,hypoxic,hypoxic,0,,,unclassified,0,,,unclassified,1,,,unclassified,0,,,unclassified,low,86.4
CF582,west coast VI,48.85168,-125.145891,,,cf_visit,ended 2026,CF582 (BF-3),visit_casts,4,4,2024-08-10 21:41:06.650000+00:00,2025-08-12 15:58:22.340000+00:00,0.6787164573058533,0.6955789234881466,0.8893902907162966,100.0,100.0,hypoxic,hypoxic,hypoxic,0,,,unclassified,0,,,unclassified,4,0.6955789234881466,0.8893902907162966,hypoxic,0,,,unclassified,low,103.7
CF583,west coast VI,48.854759,-125.151488,,,cf_visit,ended 2026,CF583 (BF-4),visit_casts,1,1,2024-08-09 23:05:27.630000+00:00,2024-08-09 23:05:27.630000+00:00,1.2603495141586567,1.2603495141586567,1.2603495141586567,100.0,100.0,hypoxic,hypoxic,hypoxic,0,,,unclassified,0,,,unclassified,1,,,unclassified,0,,,unclassified,low,111.4
CF584,west coast VI,48.85752,-125.15642,,,cf_visit,ended 2025,CF584 (BF-5),visit_casts,4,4,2024-08-09 21:46:37.760000+00:00,2025-08-20 18:03:26.940000+00:00,0.892477515217081,1.0011708552044953,1.3310326985470742,50.0,75.0,hypoxic,hypoxic,hypoxic,0,,,unclassified,0,,,unclassified,4,1.0011708552044953,1.3310326985470742,hypoxic,0,,,unclassified,low,69.5
CF585,west coast VI,48.839432,-125.144221,,,cf_visit,ended 2025,CF585 (BF-6),visit_casts,4,4,2024-08-08 23:09:32.840000+00:00,2025-08-07 23:06:06.460000+00:00,2.831528451662948,3.2974505242962553,4.525827387028723,0.0,0.0,good,good,good,0,,,unclassified,0,,,unclassified,4,3.2974505242962553,4.525827387028723,good,0,,,unclassified,low,33.8
CF586,west coast VI,48.84245,-125.150042,,,cf_visit,ended 2025,CF586 (BF-7),visit_casts,4,4,2024-08-09 22:39:33.470000+00:00,2025-08-11 22:18:45.920000+00:00,0.6312593797593339,0.6822152122108004,0.9335043663322595,75.0,100.0,hypoxic,hypoxic,hypoxic,0,,,unclassified,0,,,unclassified,4,0.6822152122108004,0.9335043663322595,hypoxic,0,,,unclassified,low,80.0
CF587,west coast VI,48.84524,-125.155387,,,cf_visit,ended 2025,CF587 (BF-8),visit_casts,4,4,2024-08-09 23:00:30.770000+00:00,2025-08-19 23:06:44.510000+00:00,0.5665376302575501,0.6072160065325736,0.8722739651037066,75.0,100.0,hypoxic,hypoxic,hypoxic,0,,,unclassified,0,,,unclassified,4,0.6072160065325736,0.8722739651037066,hypoxic,0,,,unclassified,low,100.4
CF588,west coast VI,48.848185,-125.160997,,,cf_visit,ended 2025,CF588 (BF-9),visit_casts,4,4,2024-08-10 22:00:00.460000+00:00,2025-08-11 21:32:27.350000+00:00,0.681240316761475,0.6924696630200919,1.1960393028293559,50.0,75.0,hypoxic,hypoxic,hypoxic,0,,,unclassified,0,,,unclassified,4,0.6924696630200919,1.1960393028293559,hypoxic,0,,,unclassified,low,68.7
BACAX,west coast VI,48.316613,-126.050706,982.75,982.75,core,active,Barkley Canyon Axis,continuous,3750,1558,2013-09-11 00:00:00+00:00,2026-07-31 00:00:00+00:00,0.2278983141825012,0.27034670638490654,0.29132391671430924,100.0,100.0,hypoxic,hypoxic,hypoxic,972,0.2725343165934066,0.2944638493422303,hypoxic,876,0.2759399204403324,0.2974996638268027,hypoxic,871,0.2699391836960138,0.284758332356785,hypoxic,1031,0.26262499286115903,0.28922309931439105,hypoxic,high,982.8
BDYPM,Salish Sea,48.766109,-123.039598,222.5625,222.5625,core,ended 2021,Boundary Pass Mooring,continuous,2638,953,2012-10-16 00:00:00+00:00,2021-08-08 00:00:00+00:00,2.1335208333333338,2.8993305555555553,4.089593650793651,0.0,6.709628506444276,at_risk,good,good,751,4.193625899280574,4.8142499999999995,good,694,3.670609722222222,4.574388888888889,good,677,2.7261555555555557,3.214076388888889,at_risk,516,2.6979756944444446,3.3283958333333334,at_risk,high,222.6
BIIP,Salish Sea,49.300986,-123.111045,28.416667,28.416667,core,active,Burrard Inlet Underwater Network,continuous,2256,900,2019-03-29 00:00:00+00:00,2026-06-12 00:00:00+00:00,2.1293839498210945,3.32759652104528,4.27176226043,0.0,0.7535460992907801,at_risk,good,good,555,4.085939174553715,4.973993679935399,good,591,4.2211525033451665,5.01753157642893,good,509,3.468970210139115,3.9209309901207208,good,601,3.1271706368301526,3.480093340544718,good,high,28.4
CCIP,Salish Sea,49.153879,-124.802452,109.625,109.625,core,active,China Creek Underwater Network,continuous,1832,755,2019-11-27 00:00:00+00:00,2026-07-31 00:00:00+00:00,0.3409313738057205,0.6203744907102617,1.5709468154311055,44.814410480349345,89.79257641921397,hypoxic,hypoxic,at_risk,435,0.42779458764368805,0.8584601113898236,hypoxic,459,0.7427154117619353,2.591817904959981,hypoxic,459,1.553301646149904,2.0509172081337597,at_risk,479,0.7286090136217513,1.0785884576789209,hypoxic,high,109.6
FGPD,west coast VI,48.813833,-125.28079,95.345455,96.333333,core,active,Folger Deep,continuous,4912,2002,2009-10-21 00:00:00+00:00,2026-07-16 00:00:00+00:00,1.0182181216647201,1.930760378402497,3.1056207904744566,0.9568403908794789,44.36074918566775,hypoxic,at_risk,good,1224,3.5089377808711077,4.803288366159569,good,1280,2.833314073638647,4.275739665376485,good,1235,1.880053772289242,2.249025574176409,at_risk,1173,1.655087215103773,2.1879743023020826,at_risk,high,96.3
JFCN,Salish Sea,48.508336,-124.750088,226.0,226.0,core,ended 2015,JFCN Mooring,continuous,1059,423,2012-10-19 00:00:00+00:00,2015-09-12 00:00:00+00:00,0.8745625000000002,1.450073611111111,1.9369999999999996,6.421152030217186,95.08970727101038,hypoxic,at_risk,at_risk,270,1.994735069444445,2.3947447916666667,at_risk,276,1.641234375,2.0021180555555556,at_risk,276,1.3765937499999996,1.6608802083333334,hypoxic,237,1.3450020833333332,1.6984583333333336,hypoxic,high,226.0
NCBC,west coast VI,48.427329,-126.174425,397.0,399.135967,core,active,Barkley Upper Slope,continuous,3850,1661,2013-05-11 00:00:00+00:00,2026-07-31 00:00:00+00:00,0.6047140047952686,0.9059285556348288,1.1345363891655262,80.57142857142857,99.84415584415585,hypoxic,hypoxic,hypoxic,917,1.0298525283295907,1.2515994112633722,hypoxic,926,0.8518758242926415,1.0376857538767266,hypoxic,990,0.867157881209407,1.0322904831237598,hypoxic,1017,1.0659944517214124,1.2447394609593512,hypoxic,high,399.1
PVIP,Salish Sea,48.651321,-123.486585,94.0,95.5,core,active,Saanich Inlet VENUS Instrument Platform,continuous,6490,2710,2006-02-24 00:00:00+00:00,2026-07-31 00:00:00+00:00,0.04550536832907774,0.1924679101743901,1.0918275365915528,64.91525423728814,98.05855161787366,anoxic,hypoxic,hypoxic,1579,0.15553685161303046,0.8683262796906464,hypoxic,1699,0.8308700629312956,1.8624413061871243,hypoxic,1700,0.8092724311997525,1.3190724595885452,hypoxic,1512,0.08873081929858408,0.3485072788678605,anoxic,high,95.5
SCVIP,Salish Sea,49.039778,-123.425217,298.7,298.7,core,active,Strait of Georgia VENUS Instrument Platform,continuous,5081,2123,2008-09-25 00:00:00+00:00,2026-07-31 00:00:00+00:00,1.6522954758189536,2.2415804427567156,2.597884690859802,0.0,67.09309191104114,at_risk,at_risk,at_risk,1270,2.1585503693969703,2.3693090597396407,at_risk,1261,2.1407360966954365,2.721783958891576,at_risk,1345,2.567049439060899,2.942693267132065,at_risk,1205,2.3166455002395536,2.516713420660507,at_risk,high,298.7
SEVIP,Salish Sea,49.042926,-123.31671,164.75,165.0,core,active,Strait of Georgia East VENUS Instrument Platform,continuous,5671,2280,2008-03-01 00:00:00+00:00,2026-07-31 00:00:00+00:00,0.09867195848916473,2.6853129074302453,3.4023103400701022,2.2218303650149887,16.505025568682772,anoxic,at_risk,good,1383,2.7762585510006876,3.621198512265626,at_risk,1511,3.4716033117079568,4.2592760397956955,good,1448,2.732717511368158,3.2301670316473166,at_risk,1329,2.4883065386505634,2.845697969504626,at_risk,high,165.0
SILL,Salish Sea,48.688696,-123.499982,87.253333,87.253333,core,ended 2025,Saanich Inlet Sill,continuous,2353,1113,2012-02-26 00:00:00+00:00,2025-10-30 00:00:00+00:00,0.030022483441887616,0.38372198970675364,1.6374486987701242,42.41393965150871,88.05779855503613,anoxic,hypoxic,at_risk,615,0.6018384938065962,1.2300799618922982,hypoxic,448,1.5519676151673865,2.1412970136085834,at_risk,604,0.906154801581232,1.8538566722417253,hypoxic,686,0.20816011739455548,0.6894982841404924,hypoxic,high,87.3
AS04,Salish Sea,48.300771,-123.391127,113.333333,113.333333,secondary,ended 2025,AS04 Mooring,continuous,3552,1469,2013-02-07 00:00:00+00:00,2025-11-28 00:00:00+00:00,1.050956521739131,1.7877994444444443,2.689637077294686,1.6047297297297296,52.78716216216216,hypoxic,at_risk,at_risk,873,2.987827083333333,3.922256944444444,good,862,2.3282534722222223,3.1610763888888886,at_risk,920,1.6917229603729604,2.0675243055555548,at_risk,897,1.559836007462687,2.243437500000001,at_risk,high,113.3
CRIP,west coast VI,50.020725,-125.235333,8.3,9.0,secondary,ended 2026,Campbell River Underwater Network,continuous,2169,904,2016-08-01 00:00:00+00:00,2026-01-14 00:00:00+00:00,0.37509990464046816,2.9837644786104636,4.723600362696674,2.904564315352697,7.791609036422314,hypoxic,good,good,519,3.819240388783534,4.959795950000219,good,551,4.546971789748378,5.2906703983396515,good,498,2.55884330153308,4.519550107929549,at_risk,601,2.427918790302369,3.9865760540702238,at_risk,high,9.0
FGPPN,west coast VI,48.808292,-125.2815,25.0,25.0,secondary,ended 2026,Folger Pinnacle,continuous,3180,1359,2012-10-24 00:00:00+00:00,2026-07-31 00:00:00+00:00,0.7414182022717631,3.358138838612964,4.764284593855192,0.09433962264150944,3.459119496855346,hypoxic,good,good,829,4.515996175750424,5.83540030181274,good,681,3.9255630987624315,5.274796217898375,good,823,3.1090956820450963,3.8157923237898594,good,847,3.295335541172343,4.465545425269348,good,high,25.0
JF2C,Salish Sea,48.35596,-124.215698,182.555556,182.555556,secondary,ended 2022,JF2C Mooring,continuous,2794,1289,2012-10-19 00:00:00+00:00,2022-10-20 00:00:00+00:00,0.8479166666666664,1.3731062500000002,1.905666666666666,10.773085182534002,91.23120973514675,hypoxic,hypoxic,at_risk,640,2.169640277777778,2.551244791666667,at_risk,625,1.781154166666667,2.172638888888889,at_risk,737,1.3850625,1.6771041666666673,hypoxic,792,1.1995500000000001,1.6416666666666662,hypoxic,high,182.6
MAC,Salish Sea,48.401121,-123.408799,55.6,55.6,secondary,ended 2022,Macaulay Outfall Mooring,continuous,2619,1071,2013-02-07 00:00:00+00:00,2021-02-23 00:00:00+00:00,2.4613611111111116,3.1129388888888885,4.136187499999999,0.0,0.9927453226422298,at_risk,good,good,739,4.2840125,4.983409722222222,good,569,3.9701597222222236,4.784604166666669,good,644,2.9833180555555567,3.4672638888888887,good,667,2.980254166666666,3.4333194444444435,good,high,55.6
